Order_ID;Distance_km;Weather;Traffic_Level;Time_of_Day;Vehicle_Type;Preparation_Time_min;Courier_Experience_yrs;Delivery_Time_min;Condition_Combo
522;7,93;Windy;Low;Afternoon;Scooter;12;1,0;43;Windy | Low | Afternoon
738;16,42;Clear;Medium;Evening;Bike;20;2,0;84;Clear | Medium | Evening
741;9,52;Foggy;Low;Night;Scooter;28;1,0;59;Foggy | Low | Night
661;7,44;Rainy;Medium;Afternoon;Scooter;5;1,0;37;Rainy | Medium | Afternoon
412;19,03;Clear;Low;Morning;Bike;16;5,0;68;Clear | Low | Morning
679;19,4;Clear;Low;Evening;Scooter;8;9,0;57;Clear | Low | Evening
627;9,52;Clear;Low;Morning;Bike;12;1,0;49;Clear | Low | Morning
514;17,39;Clear;Medium;Evening;Scooter;5;6,0;46;Clear | Medium | Evening
860;1,78;Snowy;Low;Evening;Car;20;6,0;35;Snowy | Low | Evening
137;10,62;Foggy;Low;Evening;Scooter;29;1,0;73;Foggy | Low | Evening
812;16,86;Snowy;Medium;Afternoon;Car;13;4,0;88;Snowy | Medium | Afternoon
77;15,54;Clear;Low;Night;Bike;29;1,0;76;Clear | Low | Night
637;10,89;Clear;High;Night;Bike;12;5,0;53;Clear | High | Night
974;4,69;Rainy;Medium;Evening;Scooter;12;7,0;36;Rainy | Medium | Evening
939;2,8;Clear;High;Morning;Scooter;10;5,0;33;Clear | High | Morning
900;2,17;Snowy;Low;Evening;Car;15;3,0;35;Snowy | Low | Evening
281;17,86;Rainy;Low;Afternoon;Bike;5;1,0;50;Rainy | Low | Afternoon
884;2,53;Snowy;Low;Morning;Bike;6;8,0;24;Snowy | Low | Morning
762;6,58;Foggy;Low;Evening;Car;6;7,0;27;Foggy | Low | Evening
320;5,38;Clear;Medium;Evening;Scooter;26;1,0;47;Clear | Medium | Evening
550;15,56;Rainy;Low;Afternoon;Scooter;28;0,0;72;Rainy | Low | Afternoon
175;13,08;Rainy;Low;Morning;Car;16;4,0;58;Rainy | Low | Morning
372;0,86;Clear;High;Afternoon;Bike;26;5,0;37;Clear | High | Afternoon
528;5,83;Clear;High;Evening;Car;27;9,0;56;Clear | High | Evening
211;11,2;Clear;Medium;Morning;Bike;23;5,0;73;Clear | Medium | Morning
236;14,59;Clear;Medium;Morning;Bike;15;6,0;64;Clear | Medium | Morning
102;12,91;Windy;Medium;Evening;Bike;11;6,0;56;Windy | Medium | Evening
987;13,92;Snowy;Low;Morning;Scooter;18;4,0;70;Snowy | Low | Morning
903;4,04;Snowy;Low;Night;Bike;11;9,0;70;Snowy | Low | Night
948;18,05;Clear;Medium;Evening;Scooter;10;7,0;123;Clear | Medium | Evening
347;12,88;Clear;Medium;Morning;Scooter;8;5,0;52;Clear | Medium | Morning
140;19,45;Rainy;High;Morning;Scooter;20;6,0;108;Rainy | High | Morning
622;4,58;Clear;High;Morning;Scooter;22;9,0;45;Clear | High | Morning
500;19,73;Foggy;Medium;Evening;Bike;27;4,0;111;Foggy | Medium | Evening
371;2,47;Windy;Medium;Morning;Bike;27;2,0;44;Windy | Medium | Morning
199;17,8;Snowy;Medium;Morning;Bike;16;9,0;73;Snowy | Medium | Morning
688;5,96;Clear;Medium;Afternoon;Bike;22;7,0;45;Clear | Medium | Afternoon
585;12,85;Windy;Medium;Afternoon;Scooter;18;7,0;61;Windy | Medium | Afternoon
902;1,02;Clear;Medium;Afternoon;Bike;25;4,0;34;Clear | Medium | Afternoon
60;6,84;Rainy;Medium;Night;Car;14;8,0;47;Rainy | Medium | Night
329;8,68;Rainy;Medium;Morning;Bike;8;5,0;52;Rainy | Medium | Morning
97;10,69;Clear;Medium;Night;Bike;25;9,0;67;Clear | Medium | Night
313;0,99;Clear;Medium;Evening;Bike;15;5,0;32;Clear | Medium | Evening
975;1,11;Clear;Low;Morning;Bike;5;6,0;8;Clear | Low | Morning
300;2,16;Snowy;Low;Evening;Scooter;15;0,0;36;Snowy | Low | Evening
278;13,17;Windy;Medium;Afternoon;Bike;16;4,0;67;Windy | Medium | Afternoon
925;8,79;Snowy;Low;Night;Bike;14;6,0;43;Snowy | Low | Night
602;5,93;Clear;Low;Afternoon;Scooter;19;3,0;36;Clear | Low | Afternoon
440;2,09;Rainy;Low;Night;Bike;23;2,0;36;Rainy | Low | Night
838;7,57;Clear;Low;Morning;Bike;21;0,0;56;Clear | Low | Morning
571;10,52;Rainy;Medium;Afternoon;Scooter;8;4,0;56;Rainy | Medium | Afternoon
880;4,83;Rainy;Low;Morning;Car;25;9,0;47;Rainy | Low | Morning
262;19,81;Snowy;Medium;Afternoon;Car;20;5,0;104;Snowy | Medium | Afternoon
579;10,1;Rainy;Low;Evening;Car;8;4,0;50;Rainy | Low | Evening
24;7,64;Windy;Low;Afternoon;Car;10;8,0;31;Windy | Low | Afternoon
31;12,35;Clear;Low;Morning;Scooter;10;6,0;35;Clear | Low | Morning
618;5,9;Rainy;Low;Evening;Car;26;9,0;44;Rainy | Low | Evening
11;0,9;Clear;Low;Afternoon;Bike;20;8,0;23;Clear | Low | Afternoon
222;11,58;Clear;Medium;Morning;Scooter;16;2,0;61;Clear | Medium | Morning
821;16,16;Clear;High;Afternoon;Bike;11;1,0;82;Clear | High | Afternoon
297;15,51;Clear;Low;Evening;Bike;17;9,0;69;Clear | Low | Evening
55;12,16;Windy;High;Evening;Scooter;11;0,0;69;Windy | High | Evening
543;4,96;Rainy;High;Morning;Bike;21;0,0;60;Rainy | High | Morning
210;3,64;Windy;High;Evening;Bike;17;6,0;40;Windy | High | Evening
605;2,85;Clear;Low;Morning;Scooter;26;0,0;38;Clear | Low | Morning
693;10,4;Clear;Low;Evening;Bike;16;4,0;52;Clear | Low | Evening
663;12,31;Windy;Low;Morning;Bike;29;4,0;68;Windy | Low | Morning
867;3,53;Clear;Medium;Afternoon;Bike;13;7,0;31;Clear | Medium | Afternoon
71;15,56;Clear;Medium;Evening;Bike;14;3,0;54;Clear | Medium | Evening
544;13,6;Clear;Medium;Afternoon;Bike;27;0,0;87;Clear | Medium | Afternoon
108;15,23;Snowy;High;Morning;Bike;5;0,0;62;Snowy | High | Morning
494;4,17;Clear;Low;Evening;Scooter;5;1,0;22;Clear | Low | Evening
591;3,21;Rainy;High;Night;Scooter;16;0,0;42;Rainy | High | Night
742;6,38;Snowy;Low;Evening;Bike;16;1,0;111;Snowy | Low | Evening
293;16,54;Rainy;Low;Afternoon;Scooter;6;7,0;51;Rainy | Low | Afternoon
290;12,02;Clear;Low;Morning;Car;9;7,0;41;Clear | Low | Morning
653;11,94;Clear;Low;Evening;Bike;20;3,0;69;Clear | Low | Evening
40;9,08;Clear;Low;Afternoon;Scooter;14;5,0;49;Clear | Low | Afternoon
590;3,46;Snowy;Medium;Morning;Scooter;23;3,0;48;Snowy | Medium | Morning
308;6,8;Foggy;Medium;Morning;Scooter;13;7,0;46;Foggy | Medium | Morning
680;17,38;Rainy;Medium;Afternoon;Scooter;11;2,0;92;Rainy | Medium | Afternoon
67;3,25;Clear;Low;Morning;Bike;23;7,0;32;Clear | Low | Morning
276;10,28;Clear;Medium;Evening;Scooter;29;3,0;71;Clear | Medium | Evening
68;16,14;Clear;Low;Night;Car;6;9,0;65;Clear | Low | Night
319;3,55;Clear;Medium;Evening;Bike;23;0,0;43;Clear | Medium | Evening
549;10,65;Clear;Medium;Afternoon;Scooter;23;8,0;58;Clear | Medium | Afternoon
999;19,03;Clear;Low;Afternoon;Car;26;5,0;68;Clear | Low | Afternoon
715;7,3;Clear;Low;Night;Scooter;14;7,0;28;Clear | Low | Night
754;7,03;Clear;Low;Evening;Scooter;21;1,0;44;Clear | Low | Evening
328;12,43;Snowy;Low;Afternoon;Car;12;0,0;70;Snowy | Low | Afternoon
383;12,76;Windy;High;Morning;Scooter;27;5,0;74;Windy | High | Morning
452;11,39;Rainy;High;Evening;Scooter;14;1,0;72;Rainy | High | Evening
523;19,41;Clear;Low;Morning;Car;7;3,0;48;Clear | Low | Morning
219;13,17;Rainy;High;Evening;Scooter;17;8,0;69;Rainy | High | Evening
788;8,32;Rainy;Low;Afternoon;Car;12;2,0;49;Rainy | Low | Afternoon
437;1,92;Clear;Low;Morning;Bike;8;7,0;14;Clear | Low | Morning
765;1,15;Clear;Low;Afternoon;Scooter;26;4,0;30;Clear | Low | Afternoon
89;17,8;Windy;High;Afternoon;Car;12;9,0;73;Windy | High | Afternoon
64;7,46;Clear;Medium;Evening;Bike;8;5,0;42;Clear | Medium | Evening
827;7,25;Clear;Medium;Afternoon;Scooter;18;4,0;45;Clear | Medium | Afternoon
717;16,7;Clear;Medium;Afternoon;Scooter;28;1,0;76;Clear | Medium | Afternoon
352;17,2;Rainy;High;Afternoon;Scooter;14;2,0;94;Rainy | High | Afternoon
937;0,86;Clear;Medium;Afternoon;Car;21;7,0;28;Clear | Medium | Afternoon
257;18,76;Clear;Medium;Evening;Car;15;2,0;80;Clear | Medium | Evening
636;9,22;Clear;Medium;Afternoon;Car;18;9,0;57;Clear | Medium | Afternoon
645;2,84;Clear;Low;Evening;Scooter;24;2,0;35;Clear | Low | Evening
555;17,59;Clear;Low;Morning;Bike;24;6,0;69;Clear | Low | Morning
960;14,89;Snowy;High;Morning;Scooter;17;6,0;87;Snowy | High | Morning
169;1,3;Clear;Medium;Evening;Bike;22;4,0;31;Clear | Medium | Evening
918;18,99;Rainy;High;Afternoon;Bike;10;6,0;70;Rainy | High | Afternoon
529;1,6;Foggy;Low;Night;Scooter;24;5,0;37;Foggy | Low | Night
824;8,26;Snowy;Low;Afternoon;Bike;15;1,0;57;Snowy | Low | Afternoon
986;10,16;Clear;High;Night;Bike;12;5,0;52;Clear | High | Night
817;12,03;Clear;Medium;Morning;Car;20;5,0;65;Clear | Medium | Morning
87;14,73;Rainy;Low;Afternoon;Bike;24;6,0;74;Rainy | Low | Afternoon
433;12,56;Clear;High;Evening;Bike;17;5,0;69;Clear | High | Evening
185;5,53;Clear;Medium;Afternoon;Bike;19;1,0;44;Clear | Medium | Afternoon
979;10,18;Foggy;Medium;Morning;Bike;25;3,0;73;Foggy | Medium | Morning
535;15,5;Clear;Medium;Morning;Scooter;28;9,0;91;Clear | Medium | Morning
295;2,98;Foggy;Medium;Night;Bike;11;2,0;27;Foggy | Medium | Night
893;16,69;Foggy;Medium;Evening;Scooter;8;2,0;65;Foggy | Medium | Evening
426;11,22;Windy;High;Evening;Bike;25;5,0;79;Windy | High | Evening
714;8,53;Clear;Low;Evening;Scooter;8;2,0;41;Clear | Low | Evening
261;12,49;Clear;Medium;Morning;Bike;25;4,0;77;Clear | Medium | Morning
238;0,97;Clear;Low;Night;Scooter;24;8,0;26;Clear | Low | Night
560;12,6;Windy;Medium;Afternoon;Car;8;6,0;58;Windy | Medium | Afternoon
584;6,91;Clear;Medium;Evening;Scooter;28;9,0;56;Clear | Medium | Evening
446;18,97;Clear;Low;Evening;Car;25;4,0;141;Clear | Low | Evening
868;4,05;Clear;Medium;Evening;Bike;20;5,0;44;Clear | Medium | Evening
801;14,29;Windy;Medium;Morning;Bike;14;7,0;78;Windy | Medium | Morning
600;1,3;Foggy;Low;Evening;Bike;19;5,0;29;Foggy | Low | Evening
850;12,11;Rainy;Low;Morning;Bike;9;5,0;59;Rainy | Low | Morning
266;14,94;Clear;Medium;Morning;Bike;11;0,0;62;Clear | Medium | Morning
996;2,29;Rainy;High;Afternoon;Car;8;8,0;80;Rainy | High | Afternoon
530;17,36;Rainy;High;Afternoon;Bike;24;1,0;105;Rainy | High | Afternoon
56;18,48;Clear;Medium;Night;Bike;8;0,0;82;Clear | Medium | Night
121;16,25;Foggy;High;Morning;Bike;10;5,0;91;Foggy | High | Morning
216;5,13;Clear;Low;Morning;Car;15;4,0;30;Clear | Low | Morning
26;15,81;Clear;Low;Morning;Car;25;1,0;92;Clear | Low | Morning
73;0,61;Clear;Low;Afternoon;Scooter;10;0,0;16;Clear | Low | Afternoon
45;5,55;Foggy;High;Evening;Bike;18;1,0;116;Foggy | High | Evening
248;19,35;Clear;High;Morning;Bike;12;7,0;75;Clear | High | Morning
722;4,03;Clear;Medium;Evening;Bike;9;5,0;25;Clear | Medium | Evening
282;7,09;Snowy;Low;Morning;Scooter;13;8,0;37;Snowy | Low | Morning
894;8,25;Clear;Medium;Afternoon;Bike;7;9,0;28;Clear | Medium | Afternoon
915;11,26;Clear;Low;Night;Bike;5;6,0;49;Clear | Low | Night
811;19,7;Rainy;Low;Evening;Bike;10;2,0;60;Rainy | Low | Evening
245;0,8;Snowy;High;Evening;Bike;14;9,0;36;Snowy | High | Evening
823;7,0;Rainy;Medium;Evening;Bike;17;9,0;49;Rainy | Medium | Evening
322;14,43;Clear;Medium;Morning;Car;14;4,0;113;Clear | Medium | Morning
644;6,89;Rainy;Medium;Afternoon;Bike;11;6,0;43;Rainy | Medium | Afternoon
159;5,13;Foggy;Medium;Evening;Car;25;1,0;60;Foggy | Medium | Evening
978;1,5;Clear;Low;Afternoon;Bike;10;1,0;17;Clear | Low | Afternoon
430;2,78;Clear;High;Afternoon;Scooter;9;0,0;41;Clear | High | Afternoon
942;11,31;Clear;Medium;Evening;Bike;7;0,0;54;Clear | Medium | Evening
463;15,05;Clear;Medium;Evening;Car;12;2,0;66;Clear | Medium | Evening
310;5,78;Foggy;Low;Afternoon;Scooter;9;9,0;33;Foggy | Low | Afternoon
698;11,83;Clear;Low;Evening;Scooter;9;7,0;32;Clear | Low | Evening
61;8,08;Foggy;Low;Morning;Bike;25;2,0;61;Foggy | Low | Morning
885;16,1;Clear;Low;Evening;Bike;25;0,0;64;Clear | Low | Evening
596;9,74;Rainy;Medium;Evening;Scooter;7;8,0;37;Rainy | Medium | Evening
768;17,6;Clear;Low;Afternoon;Bike;27;3,0;69;Clear | Low | Afternoon
650;10,22;Snowy;Medium;Night;Bike;18;1,0;68;Snowy | Medium | Night
651;2,19;Clear;Low;Evening;Bike;26;3,0;32;Clear | Low | Evening
866;11,41;Windy;Medium;Afternoon;Scooter;17;4,0;68;Windy | Medium | Afternoon
669;4,14;Clear;Medium;Morning;Scooter;14;2,0;30;Clear | Medium | Morning
299;12,65;Rainy;Low;Afternoon;Bike;18;8,0;60;Rainy | Low | Afternoon
690;4,15;Clear;Medium;Morning;Car;17;8,0;46;Clear | Medium | Morning
315;16,8;Clear;High;Morning;Car;19;4,0;85;Clear | High | Morning
311;9,06;Clear;Medium;Evening;Bike;23;4,0;47;Clear | Medium | Evening
362;13,04;Clear;Medium;Morning;Scooter;20;6,0;65;Clear | Medium | Morning
480;10,7;Clear;Medium;Afternoon;Scooter;8;5,0;44;Clear | Medium | Afternoon
111;6,15;Foggy;Low;Evening;Scooter;26;5,0;48;Foggy | Low | Evening
990;16,47;Snowy;High;Evening;Scooter;20;9,0;75;Snowy | High | Evening
487;1,39;Clear;Medium;Afternoon;Bike;15;4,0;24;Clear | Medium | Afternoon
364;11,14;Rainy;Medium;Morning;Scooter;7;3,0;47;Rainy | Medium | Morning
255;3,81;Rainy;High;Afternoon;Bike;5;6,0;31;Rainy | High | Afternoon
260;2,39;Rainy;Medium;Evening;Bike;27;7,0;43;Rainy | Medium | Evening
803;11,74;Clear;High;Evening;Car;6;3,0;54;Clear | High | Evening
678;8,26;Clear;Low;Morning;Car;21;4,0;80;Clear | Low | Morning
495;9,54;Rainy;Medium;Evening;Scooter;11;5,0;47;Rainy | Medium | Evening
671;3,88;Clear;Medium;Morning;Bike;16;2,0;35;Clear | Medium | Morning
378;0,95;Rainy;Medium;Morning;Car;27;0,0;44;Rainy | Medium | Morning
527;8,59;Clear;Low;Night;Scooter;17;8,0;36;Clear | Low | Night
846;8,59;Clear;Low;Evening;Bike;22;2,0;43;Clear | Low | Evening
138;14,21;Clear;Medium;Evening;Bike;24;5,0;58;Clear | Medium | Evening
356;13,03;Foggy;Low;Morning;Scooter;9;1,0;50;Foggy | Low | Morning
366;8,03;Clear;Low;Evening;Scooter;14;8,0;42;Clear | Low | Evening
943;13,2;Snowy;Low;Morning;Car;14;3,0;62;Snowy | Low | Morning
750;12,67;Clear;Medium;Evening;Car;10;3,0;65;Clear | Medium | Evening
949;17,54;Clear;Medium;Morning;Car;16;8,0;54;Clear | Medium | Morning
830;9,32;Clear;Low;Morning;Scooter;6;5,0;30;Clear | Low | Morning
657;6,03;Rainy;High;Afternoon;Car;8;6,0;46;Rainy | High | Afternoon
200;15,71;Clear;Low;Afternoon;Scooter;28;5,0;69;Clear | Low | Afternoon
214;4,87;Snowy;High;Evening;Bike;16;7,0;54;Snowy | High | Evening
409;18,15;Rainy;High;Morning;Bike;22;7,0;108;Rainy | High | Morning
333;0,78;Clear;Medium;Morning;Bike;6;1,0;17;Clear | Medium | Morning
209;0,6;Clear;Low;Afternoon;Bike;26;3,0;30;Clear | Low | Afternoon
614;2,09;Clear;Medium;Evening;Bike;5;5,0;16;Clear | Medium | Evening
79;7,49;Clear;Medium;Morning;Scooter;13;9,0;45;Clear | Medium | Morning
30;1,41;Foggy;Medium;Evening;Bike;15;0,0;72;Foggy | Medium | Evening
536;18,92;Clear;High;Morning;Scooter;27;4,0;100;Clear | High | Morning
696;12,41;Clear;Medium;Morning;Car;10;1,0;51;Clear | Medium | Morning
558;1,06;Clear;Low;Afternoon;Scooter;19;6,0;21;Clear | Low | Afternoon
837;18,34;Clear;High;Night;Bike;9;4,0;92;Clear | High | Night
597;13,52;Clear;Low;Morning;Scooter;27;1,0;82;Clear | Low | Morning
166;16,79;Foggy;High;Afternoon;Bike;24;6,0;85;Foggy | High | Afternoon
919;15,39;Clear;Medium;Evening;Scooter;24;5,0;89;Clear | Medium | Evening
496;7,39;Rainy;Medium;Morning;Scooter;25;6,0;60;Rainy | Medium | Morning
825;10,98;Rainy;Low;Morning;Scooter;10;6,0;55;Rainy | Low | Morning
66;11,08;Snowy;Medium;Morning;Bike;9;0,0;57;Snowy | Medium | Morning
142;5,41;Clear;Medium;Night;Bike;14;5,0;36;Clear | Medium | Night
926;0,94;Clear;High;Morning;Bike;9;6,0;21;Clear | High | Morning
828;7,27;Windy;Low;Afternoon;Bike;10;5,0;35;Windy | Low | Afternoon
656;2,99;Windy;Medium;Morning;Bike;27;5,0;41;Windy | Medium | Morning
332;15,28;Snowy;Low;Evening;Bike;16;5,0;72;Snowy | Low | Evening
665;2,48;Windy;Medium;Afternoon;Car;14;6,0;27;Windy | Medium | Afternoon
250;17,13;Rainy;Low;Evening;Car;19;1,0;71;Rainy | Low | Evening
908;7,17;Clear;Low;Afternoon;Bike;15;7,0;32;Clear | Low | Afternoon
709;5,47;Rainy;Low;Morning;Car;21;6,0;38;Rainy | Low | Morning
306;19,53;Foggy;Low;Afternoon;Bike;11;6,0;87;Foggy | Low | Afternoon
735;7,5;Clear;High;Morning;Bike;29;1,0;66;Clear | High | Morning
976;5,61;Windy;Low;Night;Bike;25;9,0;48;Windy | Low | Night
50;4,1;Clear;Low;Morning;Bike;21;3,0;37;Clear | Low | Morning
897;6,22;Rainy;Medium;Morning;Bike;15;0,0;49;Rainy | Medium | Morning
3;14,77;Clear;High;Morning;Scooter;11;6,0;67;Clear | High | Morning
545;12,55;Windy;Low;Evening;Bike;13;8,0;51;Windy | Low | Evening
351;10,31;Foggy;Medium;Morning;Scooter;19;5,0;62;Foggy | Medium | Morning
905;8,72;Snowy;Medium;Evening;Car;18;7,0;64;Snowy | Medium | Evening
537;17,07;Clear;Medium;Morning;Bike;20;6,0;73;Clear | Medium | Morning
345;8,27;Clear;High;Afternoon;Scooter;13;5,0;58;Clear | High | Afternoon
995;7,54;Snowy;Low;Afternoon;Bike;20;5,0;55;Snowy | Low | Afternoon
482;14,07;Clear;High;Afternoon;Bike;5;8,0;67;Clear | High | Afternoon
576;19,02;Clear;Medium;Afternoon;Bike;29;9,0;87;Clear | Medium | Afternoon
34;19,0;Clear;High;Morning;Car;28;3,0;96;Clear | High | Morning
32;3,83;Rainy;Medium;Afternoon;Bike;12;9,0;30;Rainy | Medium | Afternoon
232;10,3;Clear;Low;Evening;Scooter;19;8,0;48;Clear | Low | Evening
964;8,09;Clear;High;Afternoon;Scooter;15;4,0;51;Clear | High | Afternoon
193;18,06;Clear;Medium;Night;Bike;9;8,0;52;Clear | Medium | Night
334;2,76;Windy;Medium;Morning;Scooter;8;5,0;22;Windy | Medium | Morning
4;12,17;Snowy;Low;Evening;Bike;20;8,0;68;Snowy | Low | Evening
205;12,33;Clear;Medium;Evening;Bike;22;9,0;75;Clear | Medium | Evening
515;1,38;Clear;Medium;Evening;Scooter;5;8,0;13;Clear | Medium | Evening
800;18,49;Clear;Low;Afternoon;Scooter;14;6,0;71;Clear | Low | Afternoon
307;10,57;Snowy;Low;Afternoon;Bike;28;9,0;59;Snowy | Low | Afternoon
110;2,0;Clear;High;Evening;Scooter;10;2,0;30;Clear | High | Evening
431;3,29;Clear;Medium;Afternoon;Scooter;17;4,0;32;Clear | Medium | Afternoon
78;1,94;Rainy;Medium;Morning;Bike;16;0,0;35;Rainy | Medium | Morning
85;6,56;Windy;Medium;Morning;Bike;14;1,0;47;Windy | Medium | Morning
287;9,58;Clear;High;Afternoon;Car;26;8,0;60;Clear | High | Afternoon
83;6,95;Clear;Medium;Morning;Scooter;25;2,0;58;Clear | Medium | Morning
992;14,05;Clear;High;Morning;Scooter;19;0,0;72;Clear | High | Morning
790;18,97;Rainy;High;Night;Bike;20;8,0;108;Rainy | High | Night
895;13,53;Rainy;Low;Evening;Bike;28;8,0;78;Rainy | Low | Evening
399;15,14;Rainy;Medium;Morning;Bike;8;6,0;66;Rainy | Medium | Morning
324;5,96;Clear;Low;Afternoon;Bike;26;6,0;48;Clear | Low | Afternoon
520;3,43;Windy;Medium;Morning;Bike;7;6,0;23;Windy | Medium | Morning
917;6,24;Clear;Medium;Evening;Bike;15;3,0;52;Clear | Medium | Evening
923;17,94;Rainy;High;Evening;Scooter;22;6,0;85;Rainy | High | Evening
6;3,54;Rainy;Medium;Evening;Bike;10;5,0;32;Rainy | Medium | Evening
732;16,38;Rainy;Medium;Night;Bike;7;5,0;90;Rainy | Medium | Night
466;7,81;Clear;Low;Evening;Bike;11;4,0;42;Clear | Low | Evening
98;8,84;Clear;Medium;Morning;Bike;26;0,0;57;Clear | Medium | Morning
267;14,09;Clear;Medium;Afternoon;Scooter;12;3,0;55;Clear | Medium | Afternoon
358;11,92;Clear;Low;Afternoon;Scooter;14;4,0;46;Clear | Low | Afternoon
869;17,3;Clear;Low;Evening;Scooter;9;0,0;67;Clear | Low | Evening
799;14,08;Clear;High;Morning;Bike;28;6,0;66;Clear | High | Morning
381;2,8;Clear;High;Afternoon;Bike;28;1,0;50;Clear | High | Afternoon
632;17,96;Clear;Medium;Morning;Bike;22;2,0;76;Clear | Medium | Morning
382;14,09;Clear;High;Afternoon;Bike;12;6,0;67;Clear | High | Afternoon
491;9,39;Clear;Low;Morning;Bike;14;2,0;37;Clear | Low | Morning
119;17,9;Clear;Low;Morning;Bike;23;5,0;85;Clear | Low | Morning
901;4,55;Rainy;Low;Afternoon;Bike;5;6,0;21;Rainy | Low | Afternoon
251;6,24;Snowy;Low;Afternoon;Bike;20;4,0;51;Snowy | Low | Afternoon
524;16,92;Clear;Low;Morning;Scooter;29;0,0;70;Clear | Low | Morning
10;14,31;Clear;Medium;Morning;Bike;9;8,0;47;Clear | Medium | Morning
197;14,66;Windy;Medium;Morning;Bike;20;2,0;77;Windy | Medium | Morning
604;2,23;Clear;Low;Morning;Bike;7;6,0;14;Clear | Low | Morning
82;12,65;Clear;Low;Evening;Bike;15;4,0;66;Clear | Low | Evening
784;7,24;Rainy;Medium;Evening;Bike;28;6,0;65;Rainy | Medium | Evening
588;3,01;Clear;Medium;Evening;Bike;14;4,0;26;Clear | Medium | Evening
798;11,52;Clear;Medium;Morning;Scooter;25;2,0;58;Clear | Medium | Morning
240;3,95;Clear;Low;Afternoon;Bike;13;5,0;25;Clear | Low | Afternoon
291;1,09;Clear;Medium;Morning;Scooter;6;2,0;17;Clear | Medium | Morning
212;13,99;Clear;High;Evening;Scooter;7;3,0;96;Clear | High | Evening
718;19,32;Rainy;High;Morning;Car;21;7,0;112;Rainy | High | Morning
360;11,72;Rainy;Low;Evening;Bike;11;9,0;42;Rainy | Low | Evening
450;2,13;Rainy;Low;Morning;Scooter;9;2,0;22;Rainy | Low | Morning
228;8,17;Clear;Medium;Afternoon;Scooter;20;9,0;44;Clear | Medium | Afternoon
951;12,21;Clear;High;Morning;Bike;9;4,0;57;Clear | High | Morning
947;3,17;Clear;Medium;Evening;Scooter;17;6,0;33;Clear | Medium | Evening
797;18,68;Snowy;Low;Afternoon;Bike;11;8,0;62;Snowy | Low | Afternoon
502;10,95;Clear;Medium;Evening;Scooter;24;4,0;55;Clear | Medium | Evening
465;19,26;Windy;Medium;Morning;Scooter;21;6,0;67;Windy | Medium | Morning
363;9,44;Rainy;Medium;Evening;Scooter;28;8,0;63;Rainy | Medium | Evening
469;4,86;Foggy;Medium;Evening;Car;25;4,0;52;Foggy | Medium | Evening
936;5,81;Foggy;Low;Afternoon;Bike;25;8,0;51;Foggy | Low | Afternoon
429;7,34;Rainy;Low;Evening;Bike;22;8,0;47;Rainy | Low | Evening
8;17,39;Foggy;Medium;Morning;Bike;25;4,0;100;Foggy | Medium | Morning
156;5,22;Snowy;Low;Evening;Bike;11;9,0;40;Snowy | Low | Evening
542;12,32;Clear;Medium;Evening;Scooter;17;4,0;71;Clear | Medium | Evening
441;2,15;Windy;Medium;Afternoon;Car;17;6,0;30;Windy | Medium | Afternoon
483;9,36;Rainy;High;Morning;Scooter;17;2,0;65;Rainy | High | Morning
423;2,28;Clear;Medium;Evening;Scooter;27;9,0;39;Clear | Medium | Evening
779;14,54;Clear;Medium;Evening;Bike;29;2,0;73;Clear | Medium | Evening
950;12,15;Clear;High;Morning;Car;12;6,0;63;Clear | High | Morning
335;1,4;Windy;Low;Evening;Bike;9;9,0;17;Windy | Low | Evening
577;3,37;Clear;High;Morning;Bike;9;5,0;28;Clear | High | Morning
935;3,85;Rainy;Medium;Afternoon;Bike;26;3,0;46;Rainy | Medium | Afternoon
568;9,03;Clear;Low;Morning;Bike;11;5,0;43;Clear | Low | Morning
595;17,99;Snowy;Low;Afternoon;Bike;15;3,0;63;Snowy | Low | Afternoon
531;16,35;Clear;Medium;Morning;Bike;16;0,0;66;Clear | Medium | Morning
582;19,61;Clear;High;Evening;Bike;8;6,0;72;Clear | High | Evening
708;16,29;Clear;Low;Morning;Bike;20;1,0;72;Clear | Low | Morning
449;7,84;Windy;Low;Afternoon;Bike;6;4,0;28;Windy | Low | Afternoon
454;18,17;Rainy;Low;Afternoon;Car;13;0,0;71;Rainy | Low | Afternoon
229;17,89;Windy;Low;Morning;Bike;27;1,0;101;Windy | Low | Morning
353;13,34;Clear;Medium;Night;Bike;20;6,0;53;Clear | Medium | Night
729;4,43;Foggy;Low;Morning;Scooter;10;1,0;63;Foggy | Low | Morning
213;13,21;Clear;Medium;Morning;Scooter;12;4,0;63;Clear | Medium | Morning
80;2,76;Windy;Medium;Night;Bike;6;2,0;27;Windy | Medium | Night
149;1,5;Foggy;Medium;Evening;Scooter;15;4,0;32;Foggy | Medium | Evening
303;11,04;Clear;Medium;Afternoon;Scooter;8;2,0;54;Clear | Medium | Afternoon
629;1,22;Clear;Medium;Evening;Scooter;6;5,0;14;Clear | Medium | Evening
778;14,58;Clear;Low;Afternoon;Bike;13;5,0;57;Clear | Low | Afternoon
507;18,26;Rainy;High;Night;Scooter;28;7,0;93;Rainy | High | Night
343;3,88;Foggy;Low;Evening;Car;27;9,0;42;Foggy | Low | Evening
486;18,07;Clear;High;Afternoon;Scooter;5;2,0;67;Clear | High | Afternoon
712;12,11;Clear;Medium;Evening;Bike;28;0,0;75;Clear | Medium | Evening
134;7,08;Clear;Medium;Afternoon;Scooter;5;8,0;27;Clear | Medium | Afternoon
704;3,12;Rainy;Low;Evening;Scooter;14;5,0;28;Rainy | Low | Evening
312;2,03;Foggy;High;Evening;Car;14;4,0;36;Foggy | High | Evening
723;1,8;Clear;Medium;Night;Bike;14;1,0;28;Clear | Medium | Night
630;5,42;Clear;Low;Evening;Scooter;11;9,0;26;Clear | Low | Evening
1;7,8;Clear;Low;Evening;Scooter;23;5,0;52;Clear | Low | Evening
317;8,47;Rainy;Low;Afternoon;Scooter;19;0,0;48;Rainy | Low | Afternoon
707;6,79;Rainy;Low;Evening;Scooter;16;1,0;39;Rainy | Low | Evening
548;13,6;Rainy;Medium;Afternoon;Scooter;23;6,0;83;Rainy | Medium | Afternoon
873;13,06;Rainy;High;Morning;Bike;17;8,0;59;Rainy | High | Morning
533;19,93;Snowy;Low;Afternoon;Bike;6;6,0;59;Snowy | Low | Afternoon
478;11,3;Snowy;Medium;Afternoon;Bike;15;8,0;70;Snowy | Medium | Afternoon
405;6,74;Rainy;Medium;Evening;Car;21;9,0;47;Rainy | Medium | Evening
173;10,49;Rainy;Low;Morning;Bike;28;9,0;66;Rainy | Low | Morning
126;8,83;Clear;Medium;Evening;Scooter;12;3,0;109;Clear | Medium | Evening
395;7,15;Clear;High;Night;Car;29;7,0;60;Clear | High | Night
421;15,94;Clear;Low;Evening;Bike;24;2,0;77;Clear | Low | Evening
553;11,26;Foggy;High;Afternoon;Bike;14;2,0;70;Foggy | High | Afternoon
904;11,87;Clear;Medium;Morning;Bike;10;6,0;43;Clear | Medium | Morning
91;2,83;Windy;Medium;Afternoon;Scooter;14;6,0;28;Windy | Medium | Afternoon
940;11,74;Clear;Low;Afternoon;Car;20;1,0;52;Clear | Low | Afternoon
182;2,71;Clear;Low;Morning;Scooter;6;1,0;20;Clear | Low | Morning
275;10,47;Clear;High;Evening;Scooter;14;7,0;55;Clear | High | Evening
896;4,5;Snowy;High;Evening;Bike;24;0,0;66;Snowy | High | Evening
70;19,74;Clear;Low;Morning;Car;21;7,0;71;Clear | Low | Morning
292;1,23;Clear;Low;Evening;Bike;18;6,0;21;Clear | Low | Evening
132;4,83;Clear;Low;Evening;Bike;11;1,0;29;Clear | Low | Evening
301;1,51;Clear;High;Afternoon;Bike;14;2,0;32;Clear | High | Afternoon
425;1,62;Windy;Low;Evening;Bike;9;8,0;16;Windy | Low | Evening
327;11,31;Clear;High;Evening;Bike;20;0,0;67;Clear | High | Evening
145;6,05;Clear;Medium;Morning;Car;24;0,0;48;Clear | Medium | Morning
424;10,14;Clear;Medium;Morning;Scooter;20;1,0;59;Clear | Medium | Morning
581;9,45;Clear;Low;Afternoon;Car;13;0,0;49;Clear | Low | Afternoon
136;6,8;Clear;High;Evening;Bike;28;5,0;55;Clear | High | Evening
451;15,65;Clear;Low;Afternoon;Bike;27;0,0;76;Clear | Low | Afternoon
165;2,26;Clear;Medium;Morning;Scooter;6;3,0;19;Clear | Medium | Morning
29;12,05;Clear;Low;Evening;Scooter;29;4,0;61;Clear | Low | Evening
774;8,25;Windy;Medium;Evening;Car;24;4,0;62;Windy | Medium | Evening
194;12,85;Rainy;Medium;Afternoon;Scooter;23;0,0;80;Rainy | Medium | Afternoon
389;15,14;Windy;Medium;Morning;Bike;15;4,0;71;Windy | Medium | Morning
853;4,59;Foggy;Low;Evening;Scooter;19;8,0;36;Foggy | Low | Evening
170;12,02;Clear;Low;Afternoon;Bike;26;0,0;63;Clear | Low | Afternoon
706;19,8;Clear;High;Evening;Bike;7;3,0;88;Clear | High | Evening
141;19,27;Foggy;High;Afternoon;Bike;14;6,0;92;Foggy | High | Afternoon
174;4,92;Clear;High;Morning;Scooter;12;0,0;41;Clear | High | Morning
7;1,63;Rainy;Medium;Night;Bike;24;5,0;38;Rainy | Medium | Night
746;18,04;Clear;Medium;Morning;Bike;8;5,0;71;Clear | Medium | Morning
479;19,4;Snowy;Medium;Afternoon;Scooter;23;9,0;92;Snowy | Medium | Afternoon
74;16,4;Clear;High;Morning;Scooter;12;2,0;70;Clear | High | Morning
911;12,01;Clear;Low;Morning;Car;5;7,0;42;Clear | Low | Morning
814;18,46;Clear;Medium;Morning;Scooter;29;1,0;153;Clear | Medium | Morning
239;13,09;Windy;Low;Morning;Scooter;17;1,0;69;Windy | Low | Morning
146;1,22;Foggy;High;Afternoon;Scooter;14;2,0;38;Foggy | High | Afternoon
793;10,36;Rainy;Medium;Afternoon;Bike;7;8,0;39;Rainy | Medium | Afternoon
235;4,31;Rainy;Medium;Afternoon;Bike;9;2,0;35;Rainy | Medium | Afternoon
221;13,32;Windy;Medium;Afternoon;Bike;26;0,0;71;Windy | Medium | Afternoon
924;16,1;Clear;Low;Morning;Car;16;6,0;61;Clear | Low | Morning
501;14,11;Rainy;High;Morning;Scooter;24;3,0;93;Rainy | High | Morning
133;2,84;Clear;Medium;Night;Scooter;28;1,0;44;Clear | Medium | Night
991;16,09;Snowy;Low;Morning;Car;13;6,0;69;Snowy | Low | Morning
775;16,05;Snowy;Medium;Evening;Bike;11;2,0;89;Snowy | Medium | Evening
186;13,37;Windy;High;Afternoon;Scooter;17;8,0;63;Windy | High | Afternoon
42;10,16;Snowy;Medium;Night;Bike;10;1,0;67;Snowy | Medium | Night
697;6,13;Clear;Medium;Night;Scooter;22;0,0;48;Clear | Medium | Night
109;4,96;Rainy;Low;Afternoon;Car;10;7,0;28;Rainy | Low | Afternoon
589;3,0;Clear;Low;Morning;Scooter;29;1,0;43;Clear | Low | Morning
57;2,23;Snowy;Medium;Evening;Car;14;0,0;41;Snowy | Medium | Evening
406;17,96;Clear;Medium;Evening;Scooter;26;0,0;74;Clear | Medium | Evening
443;7,8;Rainy;Medium;Morning;Bike;11;7,0;49;Rainy | Medium | Morning
758;10,9;Clear;High;Afternoon;Scooter;6;8,0;47;Clear | High | Afternoon
998;3,17;Clear;Low;Afternoon;Bike;17;1,0;28;Clear | Low | Afternoon
25;9,39;Windy;Medium;Morning;Scooter;21;9,0;50;Windy | Medium | Morning
468;17,44;Clear;Low;Evening;Bike;25;9,0;89;Clear | Low | Evening
540;3,02;Rainy;Medium;Morning;Bike;23;1,0;46;Rainy | Medium | Morning
532;19,99;Rainy;High;Evening;Bike;17;1,0;112;Rainy | High | Evening
619;16,22;Rainy;High;Evening;Bike;22;0,0;102;Rainy | High | Evening
695;2,74;Clear;High;Afternoon;Bike;18;9,0;37;Clear | High | Afternoon
927;5,74;Rainy;High;Evening;Bike;13;9,0;46;Rainy | High | Evening
339;9,75;Clear;Low;Afternoon;Bike;22;7,0;50;Clear | Low | Afternoon
52;15,62;Rainy;Medium;Afternoon;Scooter;23;7,0;78;Rainy | Medium | Afternoon
508;16,54;Rainy;Medium;Afternoon;Bike;25;7,0;77;Rainy | Medium | Afternoon
517;7,84;Rainy;Low;Morning;Scooter;7;8,0;36;Rainy | Low | Morning
921;17,44;Clear;Low;Night;Car;23;0,0;85;Clear | Low | Night
782;11,08;Windy;High;Afternoon;Bike;16;6,0;70;Windy | High | Afternoon
265;17,61;Clear;Medium;Evening;Scooter;21;9,0;79;Clear | Medium | Evening
818;8,28;Snowy;Low;Evening;Car;29;7,0;58;Snowy | Low | Evening
711;15,32;Clear;Medium;Morning;Bike;17;6,0;80;Clear | Medium | Morning
683;3,83;Rainy;Low;Evening;Car;27;3,0;49;Rainy | Low | Evening
833;3,25;Rainy;Medium;Evening;Scooter;29;0,0;51;Rainy | Medium | Evening
519;19,75;Clear;Medium;Morning;Bike;25;1,0;103;Clear | Medium | Morning
448;15,19;Foggy;Low;Evening;Scooter;6;4,0;53;Foggy | Low | Evening
19;8,92;Windy;Medium;Morning;Bike;25;4,0;62;Windy | Medium | Morning
716;18,63;Windy;Low;Afternoon;Bike;11;5,0;85;Windy | Low | Afternoon
484;12,74;Clear;Low;Night;Scooter;18;0,0;67;Clear | Low | Night
569;18,13;Rainy;High;Evening;Bike;21;2,0;88;Rainy | High | Evening
434;2,47;Rainy;Low;Afternoon;Car;22;6,0;34;Rainy | Low | Afternoon
368;18,15;Windy;Medium;Morning;Bike;11;2,0;89;Windy | Medium | Morning
84;1,74;Foggy;High;Afternoon;Scooter;8;9,0;28;Foggy | High | Afternoon
62;5,79;Windy;Medium;Morning;Bike;26;6,0;49;Windy | Medium | Morning
639;5,75;Windy;High;Morning;Scooter;7;4,0;37;Windy | High | Morning
273;17,41;Snowy;Medium;Evening;Bike;20;4,0;80;Snowy | Medium | Evening
286;1,2;Rainy;Low;Morning;Scooter;24;7,0;33;Rainy | Low | Morning
361;8,07;Windy;Low;Evening;Bike;21;4,0;48;Windy | Low | Evening
355;1,88;Clear;Medium;Morning;Scooter;24;7,0;35;Clear | Medium | Morning
457;0,72;Rainy;Medium;Afternoon;Scooter;9;2,0;23;Rainy | Medium | Afternoon
279;14,19;Clear;Medium;Afternoon;Bike;9;1,0;57;Clear | Medium | Afternoon
13;16,73;Windy;High;Afternoon;Scooter;9;7,0;71;Windy | High | Afternoon
183;18,53;Rainy;Low;Afternoon;Scooter;8;8,0;57;Rainy | Low | Afternoon
369;4,32;Clear;Low;Morning;Bike;21;9,0;34;Clear | Low | Morning
882;13,6;Foggy;High;Evening;Bike;9;7,0;61;Foggy | High | Evening
616;18,46;Rainy;Low;Morning;Bike;19;9,0;94;Rainy | Low | Morning
224;7,67;Windy;Low;Morning;Car;9;2,0;31;Windy | Low | Morning
573;8,23;Snowy;Low;Evening;Bike;17;3,0;56;Snowy | Low | Evening
971;13,44;Clear;Low;Night;Bike;29;0,0;63;Clear | Low | Night
654;15,04;Clear;Low;Morning;Car;24;5,0;60;Clear | Low | Morning
546;7,48;Clear;Medium;Morning;Car;21;4,0;52;Clear | Medium | Morning
583;10,11;Rainy;Medium;Afternoon;Scooter;23;2,0;63;Rainy | Medium | Afternoon
634;10,88;Snowy;Low;Afternoon;Car;13;3,0;52;Snowy | Low | Afternoon
177;13,97;Snowy;Low;Evening;Scooter;14;8,0;52;Snowy | Low | Evening
666;3,48;Foggy;Low;Afternoon;Scooter;9;1,0;31;Foggy | Low | Afternoon
674;10,73;Foggy;Low;Morning;Bike;6;6,0;35;Foggy | Low | Morning
586;5,18;Clear;Medium;Afternoon;Car;9;2,0;30;Clear | Medium | Afternoon
874;8,47;Foggy;Medium;Evening;Bike;24;0,0;68;Foggy | Medium | Evening
394;15,64;Rainy;Low;Morning;Bike;20;4,0;141;Rainy | Low | Morning
164;10,95;Snowy;Medium;Afternoon;Bike;9;1,0;65;Snowy | Medium | Afternoon
249;19,29;Windy;Medium;Evening;Scooter;7;8,0;84;Windy | Medium | Evening
635;2,59;Windy;Medium;Morning;Bike;13;5,0;28;Windy | Medium | Morning
886;3,98;Clear;High;Night;Car;19;3,0;41;Clear | High | Night
670;6,06;Foggy;Low;Afternoon;Scooter;10;8,0;41;Foggy | Low | Afternoon
376;6,72;Foggy;Low;Evening;Bike;8;5,0;31;Foggy | Low | Evening
413;19,04;Clear;Medium;Morning;Scooter;27;2,0;85;Clear | Medium | Morning
75;14,28;Windy;High;Afternoon;Scooter;23;5,0;77;Windy | High | Afternoon
114;16,26;Rainy;High;Morning;Bike;16;6,0;70;Rainy | High | Morning
599;4,25;Clear;Low;Afternoon;Bike;5;4,0;22;Clear | Low | Afternoon
962;12,26;Clear;Low;Afternoon;Bike;20;2,0;66;Clear | Low | Afternoon
391;19,81;Clear;Low;Afternoon;Bike;27;1,0;74;Clear | Low | Afternoon
105;18,2;Windy;Medium;Morning;Bike;27;1,0;108;Windy | Medium | Morning
115;12,85;Rainy;Medium;Morning;Scooter;14;8,0;73;Rainy | Medium | Morning
418;6,91;Clear;Low;Evening;Bike;27;8,0;91;Clear | Low | Evening
526;9,64;Clear;Low;Morning;Bike;10;5,0;46;Clear | Low | Morning
458;9,64;Rainy;Medium;Evening;Bike;14;6,0;52;Rainy | Medium | Evening
410;2,28;Foggy;Medium;Morning;Scooter;27;6,0;44;Foggy | Medium | Morning
93;15,34;Rainy;Low;Afternoon;Bike;18;6,0;54;Rainy | Low | Afternoon
931;3,22;Rainy;Medium;Night;Bike;14;8,0;34;Rainy | Medium | Night
90;9,71;Clear;Low;Morning;Bike;8;1,0;49;Clear | Low | Morning
337;17,18;Clear;Medium;Night;Scooter;13;1,0;62;Clear | Medium | Night
989;5,3;Clear;Medium;Afternoon;Scooter;29;3,0;47;Clear | Medium | Afternoon
922;10,0;Clear;Medium;Afternoon;Scooter;6;9,0;47;Clear | Medium | Afternoon
934;10,75;Rainy;Medium;Morning;Bike;8;6,0;60;Rainy | Medium | Morning
606;9,49;Rainy;Medium;Morning;Car;23;6,0;53;Rainy | Medium | Morning
594;7,24;Clear;Medium;Afternoon;Bike;28;7,0;57;Clear | Medium | Afternoon
612;16,09;Rainy;Low;Morning;Bike;21;8,0;66;Rainy | Low | Morning
95;15,53;Clear;Low;Morning;Bike;26;6,0;83;Clear | Low | Morning
12;19,41;Windy;Low;Morning;Bike;11;8,0;62;Windy | Low | Morning
397;17,24;Clear;Low;Evening;Bike;17;5,0;69;Clear | Low | Evening
534;11,33;Clear;Low;Morning;Bike;25;3,0;60;Clear | Low | Morning
44;18,23;Rainy;Low;Afternoon;Scooter;27;9,0;86;Rainy | Low | Afternoon
43;1,17;Clear;Medium;Morning;Bike;16;9,0;25;Clear | Medium | Morning
330;5,33;Clear;Low;Evening;Car;29;1,0;51;Clear | Low | Evening
168;4,14;Rainy;Low;Morning;Bike;23;2,0;41;Rainy | Low | Morning
498;2,02;Clear;High;Evening;Bike;28;5,0;44;Clear | High | Evening
877;14,46;Rainy;Medium;Morning;Scooter;11;9,0;68;Rainy | Medium | Morning
598;3,86;Clear;Medium;Afternoon;Bike;21;8,0;34;Clear | Medium | Afternoon
757;12,59;Windy;Medium;Morning;Bike;13;9,0;62;Windy | Medium | Morning
101;1,11;Clear;High;Morning;Scooter;22;8,0;35;Clear | High | Morning
427;9,11;Clear;Low;Afternoon;Bike;19;6,0;42;Clear | Low | Afternoon
179;18,77;Snowy;Medium;Evening;Bike;24;0,0;115;Snowy | Medium | Evening
445;16,35;Foggy;Medium;Night;Bike;16;6,0;67;Foggy | Medium | Night
417;6,22;Clear;Low;Afternoon;Bike;16;9,0;29;Clear | Low | Afternoon
871;7,78;Foggy;High;Afternoon;Bike;25;3,0;74;Foggy | High | Afternoon
883;0,88;Rainy;Low;Night;Car;27;2,0;37;Rainy | Low | Night
681;16,43;Clear;Low;Evening;Bike;13;5,0;56;Clear | Low | Evening
178;8,04;Clear;Medium;Evening;Car;27;0,0;65;Clear | Medium | Evening
396;18,65;Foggy;Low;Night;Car;19;2,0;68;Foggy | Low | Night
912;5,73;Foggy;Low;Morning;Scooter;7;2,0;30;Foggy | Low | Morning
794;12,42;Rainy;Low;Evening;Bike;28;9,0;79;Rainy | Low | Evening
961;2,11;Clear;Low;Afternoon;Scooter;28;5,0;34;Clear | Low | Afternoon
685;18,62;Clear;Low;Evening;Scooter;27;6,0;75;Clear | Low | Evening
384;17,61;Clear;Medium;Morning;Scooter;19;3,0;80;Clear | Medium | Morning
957;10,62;Rainy;Medium;Night;Bike;7;2,0;48;Rainy | Medium | Night
752;18,83;Clear;Medium;Night;Bike;8;0,0;68;Clear | Medium | Night
258;14,07;Clear;Medium;Morning;Bike;16;9,0;73;Clear | Medium | Morning
539;9,29;Clear;Medium;Evening;Bike;10;9,0;40;Clear | Medium | Evening
336;1,29;Rainy;Low;Evening;Bike;7;7,0;15;Rainy | Low | Evening
16;4,08;Windy;Medium;Afternoon;Bike;7;0,0;33;Windy | Medium | Afternoon
325;19,12;Windy;High;Evening;Car;8;0,0;92;Windy | High | Evening
759;17,93;Clear;Medium;Afternoon;Bike;29;4,0;85;Clear | Medium | Afternoon
223;2,33;Clear;Low;Morning;Car;6;1,0;17;Clear | Low | Morning
180;3,18;Rainy;Medium;Evening;Bike;21;3,0;42;Rainy | Medium | Evening
984;1,97;Clear;High;Morning;Car;28;7,0;43;Clear | High | Morning
23;6,2;Windy;High;Evening;Scooter;7;3,0;42;Windy | High | Evening
357;1,02;Windy;High;Evening;Bike;6;8,0;21;Windy | High | Evening
667;5,3;Clear;Low;Evening;Bike;16;5,0;32;Clear | Low | Evening
862;9,34;Rainy;Low;Evening;Car;10;0,0;40;Rainy | Low | Evening
341;10,09;Clear;Medium;Evening;Bike;7;0,0;49;Clear | Medium | Evening
432;15,35;Rainy;High;Night;Scooter;23;9,0;80;Rainy | High | Night
552;17,12;Rainy;Low;Morning;Bike;26;3,0;86;Rainy | Low | Morning
834;3,94;Snowy;Low;Afternoon;Bike;19;3,0;43;Snowy | Low | Afternoon
204;18,02;Clear;Medium;Evening;Car;12;3,0;77;Clear | Medium | Evening
631;14,41;Snowy;Medium;Evening;Bike;8;8,0;75;Snowy | Medium | Evening
94;11,44;Rainy;Medium;Evening;Car;20;2,0;57;Rainy | Medium | Evening
559;15,23;Foggy;Low;Morning;Car;6;0,0;52;Foggy | Low | Morning
69;1,95;Clear;Low;Morning;Scooter;16;2,0;23;Clear | Low | Morning
623;7,72;Rainy;Medium;Morning;Bike;11;5,0;36;Rainy | Medium | Morning
285;11,78;Clear;Low;Afternoon;Scooter;26;3,0;71;Clear | Low | Afternoon
845;3,4;Windy;Medium;Morning;Bike;11;6,0;30;Windy | Medium | Morning
435;2,14;Clear;High;Evening;Bike;18;3,0;34;Clear | High | Evening
154;10,04;Rainy;High;Afternoon;Bike;12;9,0;59;Rainy | High | Afternoon
76;14,72;Clear;Medium;Evening;Scooter;15;8,0;80;Clear | Medium | Evening
731;3,7;Clear;Medium;Morning;Bike;28;7,0;45;Clear | Medium | Morning
447;19,73;Rainy;Low;Evening;Bike;8;8,0;64;Rainy | Low | Evening
189;10,83;Clear;Medium;Evening;Scooter;8;9,0;51;Clear | Medium | Evening
272;16,3;Foggy;Low;Morning;Car;12;1,0;100;Foggy | Low | Morning
237;5,98;Foggy;High;Morning;Bike;14;6,0;44;Foggy | High | Morning
488;5,98;Rainy;High;Morning;Bike;21;2,0;60;Rainy | High | Morning
118;4,14;Foggy;Medium;Morning;Bike;21;0,0;46;Foggy | Medium | Morning
944;16,68;Clear;Medium;Afternoon;Bike;9;9,0;63;Clear | Medium | Afternoon
513;18,69;Windy;Medium;Night;Bike;23;9,0;74;Windy | Medium | Night
826;18,44;Rainy;High;Morning;Bike;27;7,0;80;Rainy | High | Morning
592;13,0;Windy;High;Morning;Bike;22;8,0;65;Windy | High | Morning
127;16,45;Clear;Medium;Evening;Scooter;25;3,0;87;Clear | Medium | Evening
117;16,17;Clear;Medium;Evening;Car;10;2,0;116;Clear | Medium | Evening
474;17,88;Clear;Medium;Evening;Bike;29;3,0;98;Clear | Medium | Evening
694;5,23;Clear;Medium;Morning;Scooter;19;4,0;37;Clear | Medium | Morning
58;4,32;Clear;Medium;Morning;Bike;17;4,0;36;Clear | Medium | Morning
864;9,09;Rainy;Medium;Morning;Bike;6;7,0;43;Rainy | Medium | Morning
913;12,67;Windy;Medium;Morning;Scooter;7;3,0;43;Windy | Medium | Morning
370;1,85;Clear;Medium;Evening;Bike;10;1,0;24;Clear | Medium | Evening
269;7,51;Rainy;Low;Evening;Car;27;6,0;50;Rainy | Low | Evening
47;6,58;Clear;Low;Afternoon;Bike;13;1,0;34;Clear | Low | Afternoon
350;12,7;Clear;Low;Morning;Scooter;22;2,0;57;Clear | Low | Morning
196;7,31;Foggy;Medium;Afternoon;Bike;26;2,0;65;Foggy | Medium | Afternoon
1000;9,2;Clear;High;Morning;Scooter;9;9,0;48;Clear | High | Morning
835;10,22;Foggy;Low;Afternoon;Scooter;21;0,0;61;Foggy | Low | Afternoon
737;8,15;Clear;High;Evening;Scooter;12;9,0;43;Clear | High | Evening
264;10,61;Clear;Medium;Morning;Bike;17;0,0;59;Clear | Medium | Morning
444;7,73;Clear;High;Night;Bike;29;5,0;58;Clear | High | Night
676;19,66;Clear;Low;Morning;Car;19;6,0;70;Clear | Low | Morning
305;14,66;Snowy;High;Morning;Car;5;6,0;71;Snowy | High | Morning
342;9,73;Clear;Low;Afternoon;Bike;29;6,0;60;Clear | Low | Afternoon
967;14,52;Clear;Medium;Afternoon;Car;26;5,0;86;Clear | Medium | Afternoon
150;5,93;Foggy;High;Morning;Scooter;27;1,0;106;Foggy | High | Morning
125;4,94;Rainy;High;Evening;Scooter;28;4,0;63;Rainy | High | Evening
787;11,88;Rainy;High;Afternoon;Car;29;9,0;78;Rainy | High | Afternoon
51;19,41;Foggy;Medium;Morning;Car;7;6,0;66;Foggy | Medium | Morning
354;3,68;Clear;High;Afternoon;Car;16;6,0;47;Clear | High | Afternoon
928;11,06;Clear;High;Evening;Bike;6;9,0;53;Clear | High | Evening
143;10,2;Rainy;Medium;Afternoon;Bike;18;9,0;56;Rainy | Medium | Afternoon
471;0,74;Rainy;Low;Morning;Car;13;4,0;21;Rainy | Low | Morning
400;15,21;Snowy;Medium;Afternoon;Bike;20;9,0;90;Snowy | Medium | Afternoon
626;7,69;Rainy;High;Morning;Scooter;16;3,0;58;Rainy | High | Morning
321;11,21;Clear;High;Afternoon;Scooter;23;1,0;76;Clear | High | Afternoon
20;6,18;Clear;Medium;Evening;Bike;9;9,0;35;Clear | Medium | Evening
810;2,71;Clear;Medium;Morning;Car;6;5,0;19;Clear | Medium | Morning
791;3,49;Clear;Medium;Morning;Bike;17;2,0;38;Clear | Medium | Morning
809;9,29;Clear;Medium;Morning;Bike;17;2,0;49;Clear | Medium | Morning
408;0,71;Foggy;Low;Night;Bike;29;1,0;41;Foggy | Low | Night
538;5,32;Rainy;Low;Afternoon;Scooter;27;2,0;48;Rainy | Low | Afternoon
621;4,1;Clear;Medium;Evening;Car;18;3,0;38;Clear | Medium | Evening
39;13,84;Clear;Low;Morning;Scooter;18;5,0;64;Clear | Low | Morning
176;3,9;Rainy;High;Morning;Car;25;9,0;54;Rainy | High | Morning
246;18,6;Rainy;Medium;Morning;Car;28;9,0;77;Rainy | Medium | Morning
829;14,88;Snowy;Medium;Evening;Bike;10;0,0;64;Snowy | Medium | Evening
668;3,63;Windy;Medium;Morning;Car;22;9,0;39;Windy | Medium | Morning
755;3,22;Windy;High;Morning;Car;7;7,0;27;Windy | High | Morning
859;11,51;Foggy;Low;Afternoon;Car;5;7,0;57;Foggy | Low | Afternoon
155;19,72;Rainy;Low;Afternoon;Bike;27;6,0;109;Rainy | Low | Afternoon
288;11,08;Clear;Low;Evening;Scooter;28;2,0;58;Clear | Low | Evening
603;3,95;Clear;Medium;Morning;Car;28;5,0;47;Clear | Medium | Morning
570;7,29;Clear;High;Evening;Car;11;7,0;48;Clear | High | Evening
744;10,3;Clear;Low;Morning;Car;12;7,0;41;Clear | Low | Morning
18;10,73;Rainy;High;Afternoon;Car;27;6,0;83;Rainy | High | Afternoon
128;17,28;Clear;Low;Morning;Car;28;3,0;72;Clear | Low | Morning
323;13,37;Foggy;Medium;Evening;Scooter;16;9,0;71;Foggy | Medium | Evening
256;11,36;Clear;Medium;Morning;Scooter;8;2,0;52;Clear | Medium | Morning
658;7,58;Clear;High;Afternoon;Scooter;19;9,0;57;Clear | High | Afternoon
965;6,13;Rainy;High;Morning;Bike;25;6,0;59;Rainy | High | Morning
191;2,32;Clear;Low;Afternoon;Scooter;23;1,0;32;Clear | Low | Afternoon
116;17,49;Rainy;Low;Evening;Bike;27;9,0;97;Rainy | Low | Evening
617;1,69;Windy;Medium;Afternoon;Car;11;7,0;20;Windy | Medium | Afternoon
607;4,52;Clear;Low;Evening;Car;17;0,0;71;Clear | Low | Evening
181;7,15;Windy;Low;Morning;Bike;15;3,0;42;Windy | Low | Morning
302;10,86;Windy;Medium;Morning;Car;10;4,0;60;Windy | Medium | Morning
760;15,88;Rainy;Low;Evening;Car;17;1,0;68;Rainy | Low | Evening
713;9,7;Snowy;Low;Evening;Bike;6;5,0;45;Snowy | Low | Evening
724;14,95;Clear;Medium;Morning;Bike;13;7,0;49;Clear | Medium | Morning
686;11,36;Foggy;Low;Afternoon;Bike;6;4,0;47;Foggy | Low | Afternoon
980;12,14;Foggy;High;Afternoon;Bike;12;0,0;65;Foggy | High | Afternoon
518;16,31;Foggy;Medium;Afternoon;Car;14;7,0;71;Foggy | Medium | Afternoon
985;14,7;Clear;Medium;Evening;Scooter;24;5,0;75;Clear | Medium | Evening
46;13,42;Rainy;Medium;Evening;Bike;6;6,0;105;Rainy | Medium | Evening
910;7,9;Clear;Low;Afternoon;Scooter;22;5,0;48;Clear | Low | Afternoon
158;15,35;Foggy;Low;Morning;Car;5;3,0;56;Foggy | Low | Morning
852;15,12;Foggy;Low;Morning;Bike;14;1,0;58;Foggy | Low | Morning
172;0,82;Windy;Low;Morning;Car;18;9,0;23;Windy | Low | Morning
17;6,43;Clear;Low;Evening;Car;9;7,0;26;Clear | Low | Evening
512;8,66;Snowy;High;Morning;Bike;29;3,0;77;Snowy | High | Morning
49;11,16;Foggy;Medium;Afternoon;Car;21;4,0;77;Foggy | Medium | Afternoon
972;18,77;Foggy;Low;Afternoon;Car;15;5,0;71;Foggy | Low | Afternoon
941;5,84;Clear;Medium;Evening;Bike;21;7,0;35;Clear | Medium | Evening
516;1,01;Clear;High;Night;Bike;17;7,0;29;Clear | High | Night
953;3,92;Rainy;Medium;Night;Bike;20;9,0;41;Rainy | Medium | Night
481;12,77;Foggy;Low;Morning;Bike;22;8,0;71;Foggy | Low | Morning
284;2,33;Clear;Low;Evening;Bike;9;2,0;18;Clear | Low | Evening
719;2,92;Windy;High;Afternoon;Bike;24;4,0;48;Windy | High | Afternoon
878;13,35;Rainy;Low;Evening;Scooter;14;4,0;91;Rainy | Low | Evening
226;5,26;Rainy;Medium;Evening;Scooter;28;8,0;51;Rainy | Medium | Evening
27;4,39;Foggy;Medium;Night;Bike;12;8,0;38;Foggy | Medium | Night
955;8,67;Windy;High;Morning;Bike;20;4,0;55;Windy | High | Morning
438;16,53;Snowy;Low;Afternoon;Scooter;24;9,0;99;Snowy | Low | Afternoon
952;13,47;Clear;Medium;Evening;Bike;19;4,0;59;Clear | Medium | Evening
365;18,86;Snowy;Medium;Night;Bike;18;1,0;89;Snowy | Medium | Night
230;12,81;Clear;Low;Morning;Bike;12;2,0;51;Clear | Low | Morning
38;2,4;Snowy;Low;Night;Scooter;27;5,0;42;Snowy | Low | Night
966;7,44;Rainy;Medium;Evening;Bike;6;1,0;39;Rainy | Medium | Evening
375;1,89;Clear;Medium;Evening;Scooter;13;7,0;22;Clear | Medium | Evening
470;19,28;Snowy;Medium;Morning;Car;21;3,0;101;Snowy | Medium | Morning
968;6,29;Clear;Medium;Morning;Scooter;10;7,0;27;Clear | Medium | Morning
851;1,81;Clear;Medium;Afternoon;Car;23;3,0;34;Clear | Medium | Afternoon
705;1,74;Clear;Medium;Night;Bike;23;2,0;34;Clear | Medium | Night
842;13,44;Clear;Medium;Morning;Car;22;1,0;79;Clear | Medium | Morning
195;7,11;Clear;Low;Afternoon;Scooter;27;5,0;48;Clear | Low | Afternoon
855;4,5;Windy;Low;Evening;Scooter;20;6,0;32;Windy | Low | Evening
865;8,31;Windy;Medium;Morning;Bike;6;5,0;44;Windy | Medium | Morning
504;16,37;Clear;High;Morning;Bike;26;7,0;97;Clear | High | Morning
970;9,78;Clear;Medium;Afternoon;Bike;18;3,0;58;Clear | Medium | Afternoon
831;4,88;Windy;Medium;Afternoon;Scooter;26;7,0;48;Windy | Medium | Afternoon
580;5,54;Rainy;Medium;Morning;Scooter;28;9,0;51;Rainy | Medium | Morning
969;11,54;Clear;High;Afternoon;Car;10;0,0;56;Clear | High | Afternoon
163;12,85;Clear;Low;Afternoon;Scooter;5;5,0;54;Clear | Low | Afternoon
909;5,56;Clear;Low;Afternoon;Scooter;19;5,0;31;Clear | Low | Afternoon
153;3,33;Clear;Medium;Evening;Scooter;24;2,0;44;Clear | Medium | Evening
802;3,47;Snowy;High;Night;Bike;24;9,0;53;Snowy | High | Night
994;12,01;Clear;Low;Morning;Scooter;26;6,0;57;Clear | Low | Morning
756;15,98;Foggy;Low;Morning;Car;21;6,0;90;Foggy | Low | Morning
112;3,64;Clear;Low;Morning;Scooter;16;3,0;26;Clear | Low | Morning
227;19,47;Clear;Low;Morning;Bike;16;8,0;83;Clear | Low | Morning
689;15,51;Rainy;Medium;Morning;Scooter;10;8,0;81;Rainy | Medium | Morning
104;10,42;Windy;Medium;Afternoon;Bike;28;3,0;72;Windy | Medium | Afternoon
422;15,9;Rainy;Low;Evening;Car;19;5,0;78;Rainy | Low | Evening
420;15,17;Windy;Low;Morning;Bike;25;4,0;77;Windy | Low | Morning
751;2,78;Rainy;Low;Morning;Bike;21;4,0;37;Rainy | Low | Morning
587;1,98;Rainy;Low;Afternoon;Bike;22;0,0;39;Rainy | Low | Afternoon
781;14,03;Clear;Low;Afternoon;Bike;17;2,0;65;Clear | Low | Afternoon
673;2,06;Foggy;Medium;Evening;Scooter;22;4,0;40;Foggy | Medium | Evening
120;11,02;Clear;High;Morning;Scooter;22;2,0;70;Clear | High | Morning
54;17,95;Snowy;High;Morning;Scooter;16;5,0;96;Snowy | High | Morning
152;5,17;Foggy;Low;Morning;Bike;29;0,0;56;Foggy | Low | Morning
404;16,62;Snowy;Low;Afternoon;Bike;26;8,0;94;Snowy | Low | Afternoon
946;0,71;Rainy;Low;Morning;Car;25;8,0;31;Rainy | Low | Morning
208;13,44;Clear;Medium;Evening;Scooter;9;5,0;55;Clear | Medium | Evening
659;13,1;Clear;Low;Evening;Bike;28;2,0;72;Clear | Low | Evening
844;19,24;Rainy;High;Afternoon;Bike;9;7,0;75;Rainy | High | Afternoon
763;5,35;Clear;Medium;Afternoon;Scooter;24;6,0;43;Clear | Medium | Afternoon
9;12,22;Clear;Low;Evening;Scooter;15;0,0;56;Clear | Low | Evening
808;18,55;Clear;Low;Afternoon;Car;11;9,0;69;Clear | Low | Afternoon
37;6,44;Clear;Low;Afternoon;Car;18;2,0;43;Clear | Low | Afternoon
453;8,77;Foggy;Medium;Evening;Car;14;7,0;49;Foggy | Medium | Evening
652;10,97;Clear;Low;Afternoon;Scooter;27;3,0;51;Clear | Low | Afternoon
254;6,68;Clear;High;Morning;Scooter;10;5,0;44;Clear | High | Morning
304;12,93;Rainy;Low;Afternoon;Scooter;25;0,0;61;Rainy | Low | Afternoon
747;7,99;Clear;Medium;Evening;Bike;18;4,0;42;Clear | Medium | Evening
572;15,78;Clear;High;Afternoon;Scooter;12;1,0;68;Clear | High | Afternoon
624;9,95;Windy;High;Evening;Scooter;21;5,0;72;Windy | High | Evening
733;13,47;Rainy;Low;Afternoon;Scooter;7;6,0;46;Rainy | Low | Afternoon
892;17,19;Clear;Medium;Afternoon;Bike;11;8,0;76;Clear | Medium | Afternoon
263;3,23;Clear;High;Afternoon;Bike;17;9,0;33;Clear | High | Afternoon
611;1,27;Foggy;High;Afternoon;Bike;25;9,0;46;Foggy | High | Afternoon
298;4,71;Clear;Low;Morning;Bike;20;6,0;31;Clear | Low | Morning
415;12,82;Rainy;Medium;Evening;Bike;28;9,0;72;Rainy | Medium | Evening
151;18,21;Clear;Low;Evening;Bike;6;3,0;74;Clear | Low | Evening
789;9,51;Clear;High;Morning;Bike;26;9,0;63;Clear | High | Morning
641;0,89;Rainy;Low;Morning;Car;9;0,0;20;Rainy | Low | Morning
890;5,24;Windy;High;Afternoon;Scooter;26;8,0;51;Windy | High | Afternoon
551;10,64;Windy;Low;Evening;Car;11;9,0;36;Windy | Low | Evening
887;13,23;Clear;Medium;Night;Bike;20;8,0;70;Clear | Medium | Night
489;19,03;Clear;Medium;Morning;Scooter;8;8,0;65;Clear | Medium | Morning
148;10,3;Rainy;Low;Evening;Bike;29;0,0;73;Rainy | Low | Evening
147;12,39;Snowy;Medium;Evening;Bike;14;8,0;56;Snowy | Medium | Evening
721;18,8;Clear;High;Afternoon;Bike;23;7,0;95;Clear | High | Afternoon
932;16,78;Rainy;Medium;Morning;Bike;22;1,0;70;Rainy | Medium | Morning
740;7,85;Clear;Low;Afternoon;Scooter;7;9,0;34;Clear | Low | Afternoon
660;11,63;Clear;Medium;Night;Scooter;29;7,0;57;Clear | Medium | Night
349;7,8;Windy;Medium;Afternoon;Car;17;6,0;44;Windy | Medium | Afternoon
464;11,88;Rainy;Medium;Afternoon;Bike;5;1,0;63;Rainy | Medium | Afternoon
326;14,89;Clear;High;Evening;Car;22;9,0;88;Clear | High | Evening
187;16,44;Rainy;High;Afternoon;Bike;12;5,0;86;Rainy | High | Afternoon
124;2,65;Clear;Medium;Afternoon;Car;14;4,0;35;Clear | Medium | Afternoon
854;18,01;Foggy;High;Night;Bike;14;2,0;71;Foggy | High | Night
609;10,32;Clear;Medium;Night;Car;24;5,0;49;Clear | Medium | Night
144;6,37;Rainy;Low;Afternoon;Car;29;4,0;56;Rainy | Low | Afternoon
959;3,74;Rainy;Low;Morning;Bike;19;6,0;36;Rainy | Low | Morning
198;17,99;Windy;High;Evening;Bike;5;1,0;73;Windy | High | Evening
610;13,96;Rainy;Low;Night;Bike;5;1,0;42;Rainy | Low | Night
280;16,02;Clear;Low;Evening;Bike;20;7,0;61;Clear | Low | Evening
294;7,52;Clear;Medium;Afternoon;Car;17;9,0;44;Clear | Medium | Afternoon
401;2,51;Clear;Low;Morning;Bike;16;2,0;28;Clear | Low | Morning
123;6,7;Foggy;High;Morning;Scooter;23;3,0;59;Foggy | High | Morning
184;17,61;Windy;Low;Morning;Bike;5;8,0;61;Windy | Low | Morning
203;3,65;Clear;Medium;Morning;Bike;29;9,0;46;Clear | Medium | Morning
439;14,27;Clear;Medium;Night;Car;24;3,0;77;Clear | Medium | Night
247;8,85;Clear;Low;Afternoon;Bike;11;9,0;45;Clear | Low | Afternoon
416;9,24;Windy;Medium;Afternoon;Bike;8;2,0;49;Windy | Medium | Afternoon
933;19,7;Rainy;Low;Evening;Car;16;6,0;66;Rainy | Low | Evening
766;11,61;Clear;High;Morning;Car;19;1,0;67;Clear | High | Morning
907;16,44;Windy;High;Afternoon;Car;8;0,0;80;Windy | High | Afternoon
836;8,67;Rainy;High;Afternoon;Bike;12;7,0;104;Rainy | High | Afternoon
888;5,14;Clear;Medium;Evening;Scooter;23;7,0;43;Clear | Medium | Evening
130;10,46;Clear;Medium;Evening;Bike;25;3,0;68;Clear | Medium | Evening
638;5,23;Clear;Medium;Morning;Scooter;23;2,0;47;Clear | Medium | Morning
403;10,35;Clear;Medium;Night;Bike;7;9,0;48;Clear | Medium | Night
785;4,04;Rainy;High;Evening;Bike;14;6,0;39;Rainy | High | Evening
771;2,66;Clear;Low;Afternoon;Bike;16;8,0;21;Clear | Low | Afternoon
736;17,61;Foggy;Medium;Afternoon;Bike;9;5,0;74;Foggy | Medium | Afternoon
914;8,48;Clear;High;Night;Bike;11;5,0;39;Clear | High | Night
220;17,06;Clear;Low;Evening;Bike;9;9,0;66;Clear | Low | Evening
642;6,78;Foggy;Low;Night;Bike;18;6,0;42;Foggy | Low | Night
916;9,0;Snowy;Medium;Afternoon;Car;29;3,0;78;Snowy | Medium | Afternoon
753;12,74;Clear;Low;Afternoon;Scooter;12;0,0;63;Clear | Low | Afternoon
807;18,72;Rainy;Medium;Afternoon;Bike;17;0,0;89;Rainy | Medium | Afternoon
920;3,23;Clear;Low;Morning;Bike;7;7,0;14;Clear | Low | Morning
625;12,56;Clear;Low;Morning;Car;22;8,0;49;Clear | Low | Morning
875;1,0;Snowy;Medium;Morning;Bike;28;0,0;51;Snowy | Medium | Morning
761;3,46;Clear;Low;Morning;Bike;24;6,0;37;Clear | Low | Morning
387;6,0;Snowy;Low;Morning;Car;20;8,0;53;Snowy | Low | Morning
973;14,79;Clear;Medium;Morning;Scooter;12;9,0;64;Clear | Medium | Morning
510;14,65;Snowy;High;Morning;Car;19;3,0;95;Snowy | High | Morning
268;14,2;Clear;Medium;Afternoon;Bike;17;1,0;73;Clear | Medium | Afternoon
820;7,04;Clear;Low;Afternoon;Bike;11;8,0;38;Clear | Low | Afternoon
442;19,74;Clear;Medium;Afternoon;Car;16;1,0;98;Clear | Medium | Afternoon
497;11,88;Rainy;Medium;Evening;Bike;20;8,0;69;Rainy | Medium | Evening
113;18,63;Clear;Low;Evening;Bike;26;8,0;75;Clear | Low | Evening
692;8,8;Rainy;Medium;Afternoon;Bike;6;2,0;38;Rainy | Medium | Afternoon
233;11,75;Clear;High;Morning;Bike;9;2,0;55;Clear | High | Morning
870;18,95;Snowy;Low;Morning;Car;27;0,0;92;Snowy | Low | Morning
608;7,6;Foggy;Low;Morning;Bike;16;4,0;48;Foggy | Low | Morning
672;17,99;Foggy;Low;Morning;Car;11;2,0;84;Foggy | Low | Morning
374;13,82;Clear;Medium;Evening;Bike;21;9,0;72;Clear | Medium | Evening
982;15,53;Foggy;Low;Evening;Bike;26;7,0;68;Foggy | Low | Evening
843;3,97;Clear;High;Afternoon;Bike;19;8,0;40;Clear | High | Afternoon
234;10,1;Clear;High;Morning;Car;17;6,0;55;Clear | High | Morning
786;18,21;Foggy;Low;Morning;Bike;5;1,0;70;Foggy | Low | Morning
677;2,68;Clear;Low;Morning;Bike;16;8,0;25;Clear | Low | Morning
318;3,88;Snowy;Low;Morning;Bike;9;6,0;33;Snowy | Low | Morning
649;15,89;Snowy;Medium;Afternoon;Car;15;9,0;91;Snowy | Medium | Afternoon
411;6,73;Clear;Medium;Afternoon;Bike;21;1,0;54;Clear | Medium | Afternoon
899;0,75;Clear;Medium;Afternoon;Bike;10;5,0;16;Clear | Medium | Afternoon
710;13,79;Rainy;Low;Night;Scooter;11;0,0;69;Rainy | Low | Night
359;18,83;Clear;Medium;Evening;Scooter;5;8,0;69;Clear | Medium | Evening
259;11,62;Clear;Low;Afternoon;Bike;9;8,0;33;Clear | Low | Afternoon
745;5,03;Clear;Medium;Morning;Bike;17;5,0;38;Clear | Medium | Morning
628;15,08;Rainy;Medium;Evening;Scooter;26;1,0;94;Rainy | Medium | Evening
633;10,48;Rainy;Low;Afternoon;Car;10;7,0;45;Rainy | Low | Afternoon
283;7,82;Rainy;Medium;Evening;Bike;16;8,0;45;Rainy | Medium | Evening
377;16,98;Clear;Low;Morning;Bike;11;6,0;78;Clear | Low | Morning
385;14,83;Rainy;Low;Morning;Car;19;4,0;126;Rainy | Low | Morning
225;5,67;Clear;Low;Morning;Scooter;11;9,0;27;Clear | Low | Morning
954;18,33;Snowy;Medium;Morning;Scooter;5;5,0;67;Snowy | Medium | Morning
815;17,46;Clear;Medium;Morning;Scooter;6;5,0;62;Clear | Medium | Morning
473;1,34;Foggy;High;Evening;Bike;9;5,0;30;Foggy | High | Evening
348;1,38;Clear;Low;Morning;Scooter;13;9,0;17;Clear | Low | Morning
506;3,67;Clear;Low;Morning;Bike;9;0,0;26;Clear | Low | Morning
640;7,86;Windy;Medium;Morning;Car;22;2,0;55;Windy | Medium | Morning
988;8,98;Clear;Medium;Afternoon;Scooter;22;8,0;105;Clear | Medium | Afternoon
929;12,85;Rainy;Medium;Evening;Scooter;6;7,0;61;Rainy | Medium | Evening
906;17,91;Clear;Low;Afternoon;Bike;6;7,0;68;Clear | Low | Afternoon
620;15,09;Snowy;Low;Morning;Car;20;7,0;68;Snowy | Low | Morning
856;4,22;Clear;Medium;Morning;Bike;16;7,0;35;Clear | Medium | Morning
804;12,33;Clear;High;Night;Bike;7;2,0;101;Clear | High | Night
646;17,87;Snowy;Low;Morning;Scooter;29;4,0;87;Snowy | Low | Morning
847;2,16;Clear;Medium;Night;Car;10;1,0;23;Clear | Medium | Night
557;3,11;Rainy;Medium;Morning;Scooter;21;1,0;43;Rainy | Medium | Morning
958;1,42;Clear;High;Afternoon;Scooter;24;2,0;40;Clear | High | Afternoon
578;18,57;Rainy;Medium;Afternoon;Bike;16;7,0;89;Rainy | Medium | Afternoon
796;17,51;Clear;Medium;Evening;Bike;15;3,0;60;Clear | Medium | Evening
86;6,84;Clear;Medium;Evening;Bike;25;1,0;51;Clear | Medium | Evening
243;18,34;Snowy;Medium;Afternoon;Scooter;22;5,0;91;Snowy | Medium | Afternoon
699;3,51;Windy;Medium;Night;Bike;22;2,0;44;Windy | Medium | Night
160;14,7;Clear;Medium;Morning;Scooter;6;2,0;58;Clear | Medium | Morning
525;16,85;Clear;High;Morning;Car;17;4,0;71;Clear | High | Morning
36;16,26;Rainy;Low;Morning;Car;27;5,0;66;Rainy | Low | Morning
541;19,1;Snowy;Medium;Morning;Bike;25;6,0;90;Snowy | Medium | Morning
171;13,71;Rainy;Medium;Evening;Bike;22;9,0;64;Rainy | Medium | Evening
655;8,92;Clear;Medium;Morning;Bike;10;1,0;51;Clear | Medium | Morning
891;14,58;Clear;Low;Evening;Bike;23;0,0;70;Clear | Low | Evening
858;9,71;Clear;Low;Afternoon;Car;27;5,0;61;Clear | Low | Afternoon
848;19,94;Clear;Low;Afternoon;Bike;26;6,0;83;Clear | Low | Afternoon
945;4,53;Snowy;Medium;Morning;Scooter;18;4,0;49;Snowy | Medium | Morning
734;10,7;Clear;High;Afternoon;Car;8;4,0;57;Clear | High | Afternoon
96;10,13;Clear;Medium;Evening;Bike;22;0,0;65;Clear | Medium | Evening
564;0,78;Clear;Low;Afternoon;Bike;11;0,0;18;Clear | Low | Afternoon
241;18,84;Foggy;Medium;Afternoon;Scooter;25;8,0;88;Foggy | Medium | Afternoon
743;15,08;Snowy;Low;Evening;Bike;29;7,0;84;Snowy | Low | Evening
575;17,32;Clear;Low;Evening;Scooter;10;3,0;77;Clear | Low | Evening
691;6,81;Clear;Medium;Evening;Bike;23;2,0;47;Clear | Medium | Evening
461;2,79;Clear;High;Morning;Bike;23;7,0;38;Clear | High | Morning
554;11,44;Foggy;High;Afternoon;Car;14;4,0;74;Foggy | High | Afternoon
889;2,44;Snowy;High;Evening;Bike;13;9,0;39;Snowy | High | Evening
207;2,48;Rainy;Low;Evening;Scooter;20;8,0;30;Rainy | Low | Evening
393;7,75;Clear;Medium;Evening;Scooter;21;1,0;55;Clear | Medium | Evening
795;0,85;Clear;Medium;Morning;Bike;9;8,0;17;Clear | Medium | Morning
398;8,87;Clear;Low;Evening;Bike;19;3,0;55;Clear | Low | Evening
767;15,37;Snowy;Medium;Afternoon;Car;15;5,0;66;Snowy | Medium | Afternoon
849;10,29;Foggy;Medium;Evening;Scooter;25;4,0;67;Foggy | Medium | Evening
218;15,06;Rainy;Low;Morning;Bike;22;4,0;65;Rainy | Low | Morning
5;3,54;Foggy;Low;Morning;Bike;23;7,0;37;Foggy | Low | Morning
769;7,17;Clear;Medium;Morning;Scooter;7;9,0;29;Clear | Medium | Morning
643;4,62;Rainy;Medium;Afternoon;Car;8;3,0;33;Rainy | Medium | Afternoon
930;5,53;Clear;Low;Morning;Car;10;8,0;27;Clear | Low | Morning
613;12,74;Rainy;Low;Afternoon;Bike;17;9,0;63;Rainy | Low | Afternoon
739;9,06;Clear;High;Evening;Bike;26;3,0;61;Clear | High | Evening
547;2,71;Foggy;Low;Morning;Bike;6;0,0;28;Foggy | Low | Morning
726;16,92;Clear;Low;Night;Bike;23;5,0;78;Clear | Low | Night
684;13,54;Foggy;Low;Morning;Bike;11;1,0;54;Foggy | Low | Morning
99;1,0;Snowy;Medium;Morning;Bike;25;4,0;44;Snowy | Medium | Morning
805;8,77;Clear;Medium;Morning;Car;12;2,0;42;Clear | Medium | Morning
728;16,01;Windy;Low;Morning;Car;28;0,0;84;Windy | Low | Morning
574;12,63;Foggy;Medium;Night;Scooter;8;8,0;49;Foggy | Medium | Night
407;8,09;Foggy;Low;Evening;Car;22;2,0;56;Foggy | Low | Evening
503;6,54;Clear;Medium;Night;Bike;10;7,0;39;Clear | Medium | Night
48;10,64;Clear;Medium;Afternoon;Scooter;14;5,0;45;Clear | Medium | Afternoon
33;1,77;Clear;Medium;Evening;Bike;14;9,0;22;Clear | Medium | Evening
780;13,0;Foggy;Low;Evening;Bike;25;7,0;77;Foggy | Low | Evening
840;12,83;Clear;Low;Evening;Bike;5;8,0;50;Clear | Low | Evening
201;13,02;Snowy;High;Afternoon;Car;6;9,0;65;Snowy | High | Afternoon
135;18,89;Rainy;Medium;Morning;Scooter;22;1,0;74;Rainy | Medium | Morning
28;10,53;Foggy;High;Evening;Bike;25;8,0;72;Foggy | High | Evening
881;5,01;Rainy;Low;Afternoon;Bike;10;5,0;31;Rainy | Low | Afternoon
231;16,0;Foggy;Medium;Afternoon;Scooter;13;3,0;65;Foggy | Medium | Afternoon
490;17,86;Clear;Low;Afternoon;Scooter;16;8,0;83;Clear | Low | Afternoon
773;2,99;Foggy;High;Afternoon;Bike;9;5,0;90;Foggy | High | Afternoon
379;16,38;Clear;Medium;Morning;Bike;6;2,0;51;Clear | Medium | Morning
289;6,09;Clear;Medium;Night;Bike;7;4,0;27;Clear | Medium | Night
419;13,61;Clear;Low;Morning;Bike;26;0,0;66;Clear | Low | Morning
675;8,5;Snowy;High;Evening;Bike;14;7,0;56;Snowy | High | Evening
392;8,55;Clear;Low;Evening;Scooter;28;8,0;46;Clear | Low | Evening
593;4,05;Clear;Medium;Afternoon;Scooter;21;5,0;39;Clear | Medium | Afternoon
499;19,5;Clear;High;Morning;Bike;18;2,0;73;Clear | High | Morning
139;7,59;Clear;Medium;Afternoon;Scooter;16;3,0;37;Clear | Medium | Afternoon
63;16,66;Snowy;High;Afternoon;Scooter;29;7,0;95;Snowy | High | Afternoon
472;19,41;Snowy;High;Evening;Car;21;3,0;100;Snowy | High | Evening
648;13,74;Foggy;Medium;Afternoon;Bike;6;1,0;56;Foggy | Medium | Afternoon
129;0,64;Clear;High;Night;Bike;10;3,0;24;Clear | High | Night
977;12,1;Clear;High;Afternoon;Bike;11;0,0;53;Clear | High | Afternoon
521;12,09;Clear;Medium;Morning;Car;13;1,0;60;Clear | Medium | Morning
839;11,82;Windy;Medium;Night;Bike;24;7,0;77;Windy | Medium | Night
963;5,28;Foggy;Low;Morning;Bike;27;6,0;53;Foggy | Low | Morning
65;5,98;Clear;Low;Evening;Car;22;9,0;35;Clear | Low | Evening
813;2,93;Clear;Medium;Morning;Bike;24;8,0;94;Clear | Medium | Morning
15;4,05;Snowy;Medium;Evening;Scooter;19;2,0;50;Snowy | Medium | Evening
157;13,61;Clear;Low;Morning;Scooter;12;2,0;43;Clear | Low | Morning
41;2,88;Rainy;Medium;Morning;Car;16;4,0;41;Rainy | Medium | Morning
493;5,91;Clear;Medium;Evening;Scooter;29;4,0;57;Clear | Medium | Evening
380;6,0;Rainy;Medium;Evening;Scooter;21;2,0;47;Rainy | Medium | Evening
188;11,33;Clear;Medium;Afternoon;Scooter;29;7,0;77;Clear | Medium | Afternoon
764;15,01;Clear;Medium;Morning;Bike;15;6,0;64;Clear | Medium | Morning
217;6,85;Clear;High;Morning;Bike;16;5,0;48;Clear | High | Morning
792;11,93;Snowy;High;Morning;Car;7;1,0;75;Snowy | High | Morning
53;18,82;Windy;Low;Morning;Car;5;3,0;77;Windy | Low | Morning
879;1,03;Clear;Medium;Afternoon;Bike;19;4,0;29;Clear | Medium | Afternoon
338;14,22;Rainy;Medium;Evening;Car;25;8,0;84;Rainy | Medium | Evening
749;18,18;Snowy;High;Morning;Bike;17;3,0;85;Snowy | High | Morning
720;14,75;Clear;Low;Morning;Car;10;7,0;62;Clear | Low | Morning
725;11,7;Rainy;Low;Afternoon;Bike;17;5,0;60;Rainy | Low | Afternoon
296;10,68;Clear;Low;Morning;Bike;14;1,0;42;Clear | Low | Morning
702;1,51;Clear;High;Evening;Bike;26;1,0;44;Clear | High | Evening
252;8,01;Clear;High;Morning;Bike;8;6,0;48;Clear | High | Morning
727;3,23;Rainy;Low;Morning;Car;25;7,0;42;Rainy | Low | Morning
462;13,16;Rainy;High;Morning;Scooter;25;8,0;68;Rainy | High | Morning
456;10,11;Windy;Low;Morning;Bike;11;4,0;44;Windy | Low | Morning
997;18,39;Windy;Low;Afternoon;Bike;24;6,0;74;Windy | Low | Afternoon
816;10,62;Windy;Medium;Afternoon;Car;22;5,0;54;Windy | Medium | Afternoon
863;10,73;Clear;Medium;Afternoon;Bike;7;5,0;57;Clear | Medium | Afternoon
270;6,23;Clear;Medium;Evening;Car;20;1,0;51;Clear | Medium | Evening
202;2,14;Clear;Low;Afternoon;Bike;25;1,0;36;Clear | Low | Afternoon
162;12,83;Clear;Medium;Morning;Bike;19;2,0;76;Clear | Medium | Morning
556;8,37;Clear;High;Evening;Scooter;13;7,0;42;Clear | High | Evening
730;3,69;Rainy;Medium;Afternoon;Bike;8;8,0;27;Rainy | Medium | Afternoon
402;18,1;Clear;Low;Morning;Scooter;8;5,0;77;Clear | Low | Morning
703;7,06;Clear;Low;Afternoon;Scooter;26;5,0;51;Clear | Low | Afternoon
477;1,94;Foggy;Low;Night;Bike;10;1,0;25;Foggy | Low | Night
822;0,59;Clear;Low;Afternoon;Bike;21;0,0;27;Clear | Low | Afternoon
772;17,01;Snowy;Low;Night;Bike;28;6,0;97;Snowy | Low | Night
106;5,36;Clear;Low;Afternoon;Scooter;11;4,0;30;Clear | Low | Afternoon
566;12,0;Clear;Low;Evening;Car;25;0,0;75;Clear | Low | Evening
390;16,23;Clear;Medium;Evening;Bike;6;0,0;54;Clear | Medium | Evening
2;19,04;Rainy;Low;Evening;Car;12;6,0;60;Rainy | Low | Evening
938;18,33;Foggy;Medium;Morning;Scooter;19;0,0;98;Foggy | Medium | Morning
983;2,58;Clear;Medium;Morning;Scooter;25;7,0;37;Clear | Medium | Morning
562;4,65;Clear;Medium;Evening;Bike;21;1,0;46;Clear | Medium | Evening
81;17,33;Snowy;Low;Evening;Scooter;12;3,0;79;Snowy | Low | Evening
206;0,68;Snowy;High;Evening;Bike;29;8,0;50;Snowy | High | Evening
35;19,33;Clear;Medium;Morning;Bike;7;8,0;73;Clear | Medium | Morning
776;3,42;Clear;Medium;Night;Car;11;9,0;24;Clear | Medium | Night
509;19,02;Rainy;High;Evening;Scooter;22;1,0;106;Rainy | High | Evening
428;17,81;Windy;High;Evening;Bike;21;4,0;122;Windy | High | Evening
455;2,67;Clear;Medium;Night;Car;17;6,0;28;Clear | Medium | Night
367;19,24;Snowy;Low;Morning;Bike;26;1,0;114;Snowy | Low | Morning
92;14,41;Rainy;Medium;Night;Bike;16;6,0;85;Rainy | Medium | Night
340;2,41;Clear;Medium;Evening;Bike;15;9,0;25;Clear | Medium | Evening
898;17,98;Clear;Low;Evening;Bike;5;8,0;45;Clear | Low | Evening
565;7,34;Foggy;Medium;Afternoon;Bike;22;5,0;93;Foggy | Medium | Afternoon
346;12,51;Clear;Medium;Evening;Bike;18;5,0;62;Clear | Medium | Evening
777;4,97;Rainy;Low;Evening;Bike;17;9,0;34;Rainy | Low | Evening
242;19,1;Snowy;Low;Afternoon;Bike;18;1,0;101;Snowy | Low | Afternoon
14;4,64;Clear;Low;Afternoon;Bike;15;9,0;24;Clear | Low | Afternoon
316;14,07;Rainy;Low;Evening;Bike;10;5,0;63;Rainy | Low | Evening
601;3,79;Clear;Medium;Morning;Bike;13;2,0;34;Clear | Medium | Morning
388;3,96;Clear;Medium;Afternoon;Bike;23;5,0;44;Clear | Medium | Afternoon
274;18,31;Clear;Medium;Afternoon;Bike;25;3,0;79;Clear | Medium | Afternoon
167;6,76;Foggy;Medium;Night;Bike;7;6,0;42;Foggy | Medium | Night
841;0,76;Clear;Low;Afternoon;Car;26;9,0;28;Clear | Low | Afternoon
993;5,81;Rainy;Medium;Evening;Bike;14;8,0;41;Rainy | Medium | Evening
647;12,08;Clear;High;Afternoon;Scooter;16;4,0;60;Clear | High | Afternoon
819;1,57;Rainy;Low;Evening;Car;16;1,0;30;Rainy | Low | Evening
485;11,89;Clear;Medium;Afternoon;Bike;28;0,0;79;Clear | Medium | Afternoon
981;7,02;Clear;Medium;Evening;Car;23;2,0;53;Clear | Medium | Evening
505;13,85;Clear;Low;Evening;Bike;29;5,0;71;Clear | Low | Evening
832;9,32;Rainy;Medium;Evening;Scooter;24;2,0;71;Rainy | Medium | Evening
244;7,72;Foggy;High;Evening;Bike;19;4,0;64;Foggy | High | Evening
567;8,15;Rainy;Low;Afternoon;Bike;26;2,0;50;Rainy | Low | Afternoon
876;3,54;Rainy;Medium;Afternoon;Scooter;17;4,0;41;Rainy | Medium | Afternoon
563;3,16;Snowy;Low;Morning;Car;9;5,0;27;Snowy | Low | Morning
687;11,65;Windy;Low;Night;Bike;10;3,0;53;Windy | Low | Night
190;5,22;Snowy;Medium;Morning;Scooter;14;3,0;43;Snowy | Medium | Morning
783;5,41;Clear;High;Morning;Scooter;17;6,0;38;Clear | High | Morning
700;9,88;Rainy;Medium;Morning;Car;7;0,0;43;Rainy | Medium | Morning
476;19,86;Rainy;High;Evening;Bike;12;8,0;71;Rainy | High | Evening
682;5,53;Windy;High;Morning;Bike;23;4,0;59;Windy | High | Morning
511;12,46;Foggy;Low;Afternoon;Bike;10;1,0;62;Foggy | Low | Afternoon
59;1,38;Clear;Medium;Morning;Car;6;3,0;17;Clear | Medium | Morning
475;10,79;Clear;Medium;Evening;Scooter;24;1,0;65;Clear | Medium | Evening
561;14,23;Clear;Medium;Afternoon;Scooter;23;7,0;70;Clear | Medium | Afternoon
857;1,21;Snowy;Low;Afternoon;Bike;22;1,0;39;Snowy | Low | Afternoon
748;11,1;Clear;Low;Afternoon;Bike;18;7,0;56;Clear | Low | Afternoon
253;17,1;Clear;Medium;Evening;Bike;25;5,0;65;Clear | Medium | Evening
22;3,22;Clear;Medium;Afternoon;Bike;19;9,0;32;Clear | Medium | Afternoon
314;19,27;Foggy;Medium;Morning;Car;29;9,0;85;Foggy | Medium | Morning
460;2,82;Rainy;Medium;Evening;Scooter;10;1,0;29;Rainy | Medium | Evening
161;7,67;Foggy;Medium;Afternoon;Scooter;22;8,0;59;Foggy | Medium | Afternoon
277;16,07;Clear;Medium;Evening;Bike;16;5,0;64;Clear | Medium | Evening
956;7,97;Windy;Medium;Evening;Scooter;9;8,0;35;Windy | Medium | Evening
192;18,0;Rainy;High;Night;Car;22;5,0;98;Rainy | High | Night
386;16,17;Clear;Medium;Evening;Scooter;12;2,0;78;Clear | Medium | Evening
806;14,86;Clear;High;Night;Scooter;15;4,0;91;Clear | High | Night
414;11,68;Clear;Medium;Afternoon;Scooter;25;7,0;70;Clear | Medium | Afternoon
492;12,59;Clear;Low;Evening;Scooter;10;2,0;39;Clear | Low | Evening
344;8,96;Snowy;Medium;Morning;Car;6;5,0;51;Snowy | Medium | Morning
770;16,51;Clear;Medium;Morning;Bike;7;1,0;79;Clear | Medium | Morning
309;16,01;Clear;Low;Afternoon;Car;12;4,0;72;Clear | Low | Afternoon
662;19,74;Rainy;High;Afternoon;Scooter;11;7,0;81;Rainy | High | Afternoon
131;8,64;Snowy;Low;Evening;Bike;29;4,0;62;Snowy | Low | Evening
664;5,13;Clear;Medium;Morning;Car;16;1,0;38;Clear | Medium | Morning
872;5,78;Clear;High;Morning;Bike;11;5,0;38;Clear | High | Morning
100;2,6;Clear;Low;Afternoon;Bike;16;1,0;29;Clear | Low | Afternoon
373;2,34;Foggy;Medium;Morning;Bike;8;2,0;28;Foggy | Medium | Morning
88;12,93;Clear;Medium;Morning;Scooter;20;8,0;58;Clear | Medium | Morning
459;1,6;Clear;Medium;Evening;Bike;14;8,0;24;Clear | Medium | Evening
331;7,44;Rainy;Low;Evening;Bike;27;5,0;53;Rainy | Low | Evening
215;14,39;Rainy;Medium;Morning;Scooter;6;5,0;50;Rainy | Medium | Morning
467;6,07;Clear;Low;Afternoon;Bike;18;4,0;35;Clear | Low | Afternoon
122;17,97;Windy;Medium;Morning;Scooter;28;7,0;92;Windy | Medium | Morning
615;17,53;Clear;Low;Afternoon;Bike;14;6,0;79;Clear | Low | Afternoon
21;12,43;Rainy;High;Morning;Bike;13;6,0;70;Rainy | High | Morning
701;10,89;Windy;Medium;Evening;Bike;7;0,0;58;Windy | Medium | Evening
72;4,37;Clear;Medium;Evening;Scooter;6;7,0;25;Clear | Medium | Evening
107;8,5;Clear;High;Evening;Car;13;3,0;54;Clear | High | Evening
271;16,28;Rainy;Low;Morning;Scooter;8;9,0;71;Rainy | Low | Morning
861;15,62;Snowy;High;Evening;Scooter;26;2,0;81;Snowy | High | Evening
436;14,17;Clear;Low;Afternoon;Bike;8;0,0;55;Clear | Low | Afternoon
103;6,63;Foggy;Low;Night;Scooter;24;3,0;58;Foggy | Low | Night
